$ npm run typecheck

> incimmet-ssoma-platform@0.4.0 typecheck
> tsc --noEmit

app/(marketing)/page.tsx(1,31): error TS2307: Cannot find module 'next' or its corresponding type declarations.
app/(marketing)/page.tsx(17,5): error TS2875: This JSX tag requires the module path 'react/jsx-runtime' to exist, but none could be found. Make sure you have types for the appropriate package installed.
app/acciones/page.tsx(1,31): error TS2307: Cannot find module 'next' or its corresponding type declarations.
app/acciones/page.tsx(5,10): error TS2875: This JSX tag requires the module path 'react/jsx-runtime' to exist, but none could be found. Make sure you have types for the appropriate package installed.
app/analisis/page.tsx(1,31): error TS2307: Cannot find module 'next' or its corresponding type declarations.
app/analisis/page.tsx(2,26): error TS2307: Cannot find module 'react' or its corresponding type declarations.
app/analisis/page.tsx(7,5): error TS2875: This JSX tag requires the module path 'react/jsx-runtime' to exist, but none could be found. Make sure you have types for the appropriate package installed.
app/analisis/page.tsx(7,25): error TS7026: JSX element implicitly has type 'any' because no interface 'JSX.IntrinsicElements' exists.
app/analisis/page.tsx(7,62): error TS7026: JSX element implicitly has type 'any' because no interface 'JSX.IntrinsicElements' exists.
app/campo/page.tsx(1,31): error TS2307: Cannot find module 'next' or its corresponding type declarations.
app/campo/page.tsx(5,10): error TS2875: This JSX tag requires the module path 'react/jsx-runtime' to exist, but none could be found. Make sure you have types for the appropriate package installed.
app/configuracion/catalogos/page.tsx(1,31): error TS2307: Cannot find module 'next' or its corresponding type declarations.
app/configuracion/catalogos/page.tsx(5,10): error TS2875: This JSX tag requires the module path 'react/jsx-runtime' to exist, but none could be found. Make sure you have types for the appropriate package installed.
app/dashboard/page.tsx(1,31): error TS2307: Cannot find module 'next' or its corresponding type declarations.
app/dashboard/page.tsx(5,10): error TS2875: This JSX tag requires the module path 'react/jsx-runtime' to exist, but none could be found. Make sure you have types for the appropriate package installed.
app/error.tsx(10,5): error TS7026: JSX element implicitly has type 'any' because no interface 'JSX.IntrinsicElements' exists.
app/error.tsx(10,5): error TS2875: This JSX tag requires the module path 'react/jsx-runtime' to exist, but none could be found. Make sure you have types for the appropriate package installed.
app/error.tsx(11,7): error TS7026: JSX element implicitly has type 'any' because no interface 'JSX.IntrinsicElements' exists.
app/error.tsx(11,41): error TS7026: JSX element implicitly has type 'any' because no interface 'JSX.IntrinsicElements' exists.
app/error.tsx(12,7): error TS7026: JSX element implicitly has type 'any' because no interface 'JSX.IntrinsicElements' exists.
app/error.tsx(14,7): error TS7026: JSX element implicitly has type 'any' because no interface 'JSX.IntrinsicElements' exists.
app/error.tsx(16,5): error TS7026: JSX element implicitly has type 'any' because no interface 'JSX.IntrinsicElements' exists.
app/eventos/[id]/page.tsx(1,31): error TS2307: Cannot find module 'next' or its corresponding type declarations.
app/eventos/[id]/page.tsx(2,26): error TS2307: Cannot find module 'next/navigation' or its corresponding type declarations.
app/eventos/[id]/page.tsx(7,51): error TS7031: Binding element 'id' implicitly has an 'any' type.
app/eventos/[id]/page.tsx(15,58): error TS7006: Parameter 'e' implicitly has an 'any' type.
app/eventos/[id]/page.tsx(20,48): error TS7006: Parameter 'e' implicitly has an 'any' type.
app/eventos/[id]/page.tsx(21,10): error TS2875: This JSX tag requires the module path 'react/jsx-runtime' to exist, but none could be found. Make sure you have types for the appropriate package installed.
app/eventos/local/[id]/page.tsx(1,31): error TS2307: Cannot find module 'next' or its corresponding type declarations.
app/eventos/local/[id]/page.tsx(6,10): error TS2875: This JSX tag requires the module path 'react/jsx-runtime' to exist, but none could be found. Make sure you have types for the appropriate package installed.
app/eventos/page.tsx(1,31): error TS2307: Cannot find module 'next' or its corresponding type declarations.
app/eventos/page.tsx(5,10): error TS2875: This JSX tag requires the module path 'react/jsx-runtime' to exist, but none could be found. Make sure you have types for the appropriate package installed.
app/layout.tsx(1,41): error TS2307: Cannot find module 'next' or its corresponding type declarations.
app/layout.tsx(15,71): error TS2503: Cannot find namespace 'React'.
app/layout.tsx(17,5): error TS7026: JSX element implicitly has type 'any' because no interface 'JSX.IntrinsicElements' exists.
app/layout.tsx(17,5): error TS2875: This JSX tag requires the module path 'react/jsx-runtime' to exist, but none could be found. Make sure you have types for the appropriate package installed.
app/layout.tsx(18,7): error TS7026: JSX element implicitly has type 'any' because no interface 'JSX.IntrinsicElements' exists.
app/layout.tsx(22,7): error TS7026: JSX element implicitly has type 'any' because no interface 'JSX.IntrinsicElements' exists.
app/layout.tsx(23,5): error TS7026: JSX element implicitly has type 'any' because no interface 'JSX.IntrinsicElements' exists.
app/lecciones/page.tsx(1,31): error TS2307: Cannot find module 'next' or its corresponding type declarations.
app/lecciones/page.tsx(5,10): error TS2875: This JSX tag requires the module path 'react/jsx-runtime' to exist, but none could be found. Make sure you have types for the appropriate package installed.
app/not-found.tsx(1,18): error TS2307: Cannot find module 'next/link' or its corresponding type declarations.
app/not-found.tsx(4,5): error TS7026: JSX element implicitly has type 'any' because no interface 'JSX.IntrinsicElements' exists.
app/not-found.tsx(4,5): error TS2875: This JSX tag requires the module path 'react/jsx-runtime' to exist, but none could be found. Make sure you have types for the appropriate package installed.
app/not-found.tsx(5,7): error TS7026: JSX element implicitly has type 'any' because no interface 'JSX.IntrinsicElements' exists.
app/not-found.tsx(5,31): error TS7026: JSX element implicitly has type 'any' because no interface 'JSX.IntrinsicElements' exists.
app/not-found.tsx(6,7): error TS7026: JSX element implicitly has type 'any' because no interface 'JSX.IntrinsicElements' exists.
app/not-found.tsx(10,7): error TS7026: JSX element implicitly has type 'any' because no interface 'JSX.IntrinsicElements' exists.
app/not-found.tsx(11,5): error TS7026: JSX element implicitly has type 'any' because no interface 'JSX.IntrinsicElements' exists.
app/privacidad/page.tsx(1,31): error TS2307: Cannot find module 'next' or its corresponding type declarations.
app/privacidad/page.tsx(6,5): error TS7026: JSX element implicitly has type 'any' because no interface 'JSX.IntrinsicElements' exists.
app/privacidad/page.tsx(6,5): error TS2875: This JSX tag requires the module path 'react/jsx-runtime' to exist, but none could be found. Make sure you have types for the appropriate package installed.
app/privacidad/page.tsx(7,7): error TS7026: JSX element implicitly has type 'any' because no interface 'JSX.IntrinsicElements' exists.
app/privacidad/page.tsx(7,44): error TS7026: JSX element implicitly has type 'any' because no interface 'JSX.IntrinsicElements' exists.
app/privacidad/page.tsx(8,7): error TS7026: JSX element implicitly has type 'any' because no interface 'JSX.IntrinsicElements' exists.
app/privacidad/page.tsx(12,7): error TS7026: JSX element implicitly has type 'any' because no interface 'JSX.IntrinsicElements' exists.
app/privacidad/page.tsx(15,9): error TS7026: JSX element implicitly has type 'any' because no interface 'JSX.IntrinsicElements' exists.
app/privacidad/page.tsx(19,9): error TS7026: JSX element implicitly has type 'any' because no interface 'JSX.IntrinsicElements' exists.
app/privacidad/page.tsx(23,9): error TS7026: JSX element implicitly has type 'any' because no interface 'JSX.IntrinsicElements' exists.
app/privacidad/page.tsx(28,9): error TS7026: JSX element implicitly has type 'any' because no interface 'JSX.IntrinsicElements' exists.
app/privacidad/page.tsx(29,9): error TS7026: JSX element implicitly has type 'any' because no interface 'JSX.IntrinsicElements' exists.
app/privacidad/page.tsx(35,9): error TS7026: JSX element implicitly has type 'any' because no interface 'JSX.IntrinsicElements' exists.
app/privacidad/page.tsx(39,9): error TS7026: JSX element implicitly has type 'any' because no interface 'JSX.IntrinsicElements' exists.
app/privacidad/page.tsx(43,9): error TS7026: JSX element implicitly has type 'any' because no interface 'JSX.IntrinsicElements' exists.
app/privacidad/page.tsx(44,9): error TS7026: JSX element implicitly has type 'any' because no interface 'JSX.IntrinsicElements' exists.
app/privacidad/page.tsx(48,9): error TS7026: JSX element implicitly has type 'any' because no interface 'JSX.IntrinsicElements' exists.
app/privacidad/page.tsx(52,9): error TS7026: JSX element implicitly has type 'any' because no interface 'JSX.IntrinsicElements' exists.
app/privacidad/page.tsx(57,9): error TS7026: JSX element implicitly has type 'any' because no interface 'JSX.IntrinsicElements' exists.
app/privacidad/page.tsx(58,9): error TS7026: JSX element implicitly has type 'any' because no interface 'JSX.IntrinsicElements' exists.
app/privacidad/page.tsx(62,9): error TS7026: JSX element implicitly has type 'any' because no interface 'JSX.IntrinsicElements' exists.
app/privacidad/page.tsx(66,9): error TS7026: JSX element implicitly has type 'any' because no interface 'JSX.IntrinsicElements' exists.
app/privacidad/page.tsx(71,9): error TS7026: JSX element implicitly has type 'any' because no interface 'JSX.IntrinsicElements' exists.
app/privacidad/page.tsx(75,9): error TS7026: JSX element implicitly has type 'any' because no interface 'JSX.IntrinsicElements' exists.
app/privacidad/page.tsx(80,9): error TS7026: JSX element implicitly has type 'any' because no interface 'JSX.IntrinsicElements' exists.
app/privacidad/page.tsx(82,5): error TS7026: JSX element implicitly has type 'any' because no interface 'JSX.IntrinsicElements' exists.
components/actions/evidence-dialog.tsx(2,25): error TS2307: Cannot find module '@radix-ui/react-dialog' or its corresponding type declarations.
components/actions/evidence-dialog.tsx(3,19): error TS2307: Cannot find module 'next/image' or its corresponding type declarations.
components/actions/evidence-dialog.tsx(4,45): error TS2307: Cannot find module 'react' or its corresponding type declarations.
components/actions/evidence-dialog.tsx(5,26): error TS2307: Cannot find module '@tanstack/react-query' or its corresponding type declarations.
components/actions/evidence-dialog.tsx(21,5): error TS7026: JSX element implicitly has type 'any' because no interface 'JSX.IntrinsicElements' exists.
components/actions/evidence-dialog.tsx(39,5): error TS7026: JSX element implicitly has type 'any' because no interface 'JSX.IntrinsicElements' exists.
components/actions/evidence-dialog.tsx(93,7): error TS7026: JSX element implicitly has type 'any' because no interface 'JSX.IntrinsicElements' exists.
components/actions/evidence-dialog.tsx(94,9): error TS7026: JSX element implicitly has type 'any' because no interface 'JSX.IntrinsicElements' exists.
components/actions/evidence-dialog.tsx(94,68): error TS7026: JSX element implicitly has type 'any' because no interface 'JSX.IntrinsicElements' exists.
components/actions/evidence-dialog.tsx(95,9): error TS7026: JSX element implicitly has type 'any' because no interface 'JSX.IntrinsicElements' exists.
components/actions/evidence-dialog.tsx(95,51): error TS7026: JSX element implicitly has type 'any' because no interface 'JSX.IntrinsicElements' exists.
components/actions/evidence-dialog.tsx(96,9): error TS7026: JSX element implicitly has type 'any' because no interface 'JSX.IntrinsicElements' exists.
components/actions/evidence-dialog.tsx(99,9): error TS7026: JSX element implicitly has type 'any' because no interface 'JSX.IntrinsicElements' exists.
components/actions/evidence-dialog.tsx(100,7): error TS7026: JSX element implicitly has type 'any' because no interface 'JSX.IntrinsicElements' exists.
components/actions/evidence-dialog.tsx(103,12): error TS7026: JSX element implicitly has type 'any' because no interface 'JSX.IntrinsicElements' exists.
components/actions/evidence-dialog.tsx(103,86): error TS7026: JSX element implicitly has type 'any' because no interface 'JSX.IntrinsicElements' exists.
components/actions/evidence-dialog.tsx(106,7): error TS7026: JSX element implicitly has type 'any' because no interface 'JSX.IntrinsicElements' exists.
components/actions/evidence-dialog.tsx(109,7): error TS7026: JSX element implicitly has type 'any' because no interface 'JSX.IntrinsicElements' exists.
components/actions/evidence-dialog.tsx(112,5): error TS7026: JSX element implicitly has type 'any' because no interface 'JSX.IntrinsicElements' exists.
components/actions/evidence-dialog.tsx(113,7): error TS7026: JSX element implicitly has type 'any' because no interface 'JSX.IntrinsicElements' exists.
components/actions/evidence-dialog.tsx(113,71): error TS7026: JSX element implicitly has type 'any' because no interface 'JSX.IntrinsicElements' exists.
components/actions/evidence-dialog.tsx(114,7): error TS7026: JSX element implicitly has type 'any' because no interface 'JSX.IntrinsicElements' exists.
components/actions/evidence-dialog.tsx(116,9): error TS7026: JSX element implicitly has type 'any' because no interface 'JSX.IntrinsicElements' exists.
components/actions/evidence-dialog.tsx(117,11): error TS7026: JSX element implicitly has type 'any' because no interface 'JSX.IntrinsicElements' exists.
components/actions/evidence-dialog.tsx(117,36): error TS7026: JSX element implicitly has type 'any' because no interface 'JSX.IntrinsicElements' exists.
components/actions/evidence-dialog.tsx(118,9): error TS7026: JSX element implicitly has type 'any' because no interface 'JSX.IntrinsicElements' exists.
components/actions/evidence-dialog.tsx(119,7): error TS7026: JSX element implicitly has type 'any' because no interface 'JSX.IntrinsicElements' exists.
components/actions/evidence-dialog.tsx(120,7): error TS7026: JSX element implicitly has type 'any' because no interface 'JSX.IntrinsicElements' exists.
components/actions/evidence-dialog.tsx(122,9): error TS7026: JSX element implicitly has type 'any' because no interface 'JSX.IntrinsicElements' exists.
components/actions/evidence-dialog.tsx(125,22): error TS7006: Parameter 'e' implicitly has an 'any' type.
components/actions/evidence-dialog.tsx(127,11): error TS7026: JSX element implicitly has type 'any' because no interface 'JSX.IntrinsicElements' exists.
components/actions/evidence-dialog.tsx(127,38): error TS7026: JSX element implicitly has type 'any' because no interface 'JSX.IntrinsicElements' exists.
components/actions/evidence-dialog.tsx(128,11): error TS7026: JSX element implicitly has type 'any' because no interface 'JSX.IntrinsicElements' exists.
components/actions/evidence-dialog.tsx(128,42): error TS7026: JSX element implicitly has type 'any' because no interface 'JSX.IntrinsicElements' exists.
components/actions/evidence-dialog.tsx(129,11): error TS7026: JSX element implicitly has type 'any' because no interface 'JSX.IntrinsicElements' exists.
components/actions/evidence-dialog.tsx(129,44): error TS7026: JSX element implicitly has type 'any' because no interface 'JSX.IntrinsicElements' exists.
components/actions/evidence-dialog.tsx(130,9): error TS7026: JSX element implicitly has type 'any' because no interface 'JSX.IntrinsicElements' exists.
components/actions/evidence-dialog.tsx(131,7): error TS7026: JSX element implicitly has type 'any' because no interface 'JSX.IntrinsicElements' exists.
components/actions/evidence-dialog.tsx(132,7): error TS7026: JSX element implicitly has type 'any' because no interface 'JSX.IntrinsicElements' exists.
components/actions/evidence-dialog.tsx(134,9): error TS7026: JSX element implicitly has type 'any' because no interface 'JSX.IntrinsicElements' exists.
components/actions/evidence-dialog.tsx(137,22): error TS7006: Parameter 'e' implicitly has an 'any' type.
components/actions/evidence-dialog.tsx(140,7): error TS7026: JSX element implicitly has type 'any' because no interface 'JSX.IntrinsicElements' exists.
components/actions/evidence-dialog.tsx(141,7): error TS7026: JSX element implicitly has type 'any' because no interface 'JSX.IntrinsicElements' exists.
components/actions/evidence-dialog.tsx(144,7): error TS7026: JSX element implicitly has type 'any' because no interface 'JSX.IntrinsicElements' exists.
components/actions/evidence-dialog.tsx(145,7): error TS7026: JSX element implicitly has type 'any' because no interface 'JSX.IntrinsicElements' exists.
components/actions/evidence-dialog.tsx(149,13): error TS7026: JSX element implicitly has type 'any' because no interface 'JSX.IntrinsicElements' exists.
components/actions/evidence-dialog.tsx(153,15): error TS7026: JSX element implicitly has type 'any' because no interface 'JSX.IntrinsicElements' exists.
components/actions/evidence-dialog.tsx(156,28): error TS7006: Parameter 'e' implicitly has an 'any' type.
components/actions/evidence-dialog.tsx(160,43): error TS7006: Parameter 'v' implicitly has an 'any' type.
components/actions/evidence-dialog.tsx(165,13): error TS7026: JSX element implicitly has type 'any' because no interface 'JSX.IntrinsicElements' exists.
components/actions/evidence-dialog.tsx(167,7): error TS7026: JSX element implicitly has type 'any' because no interface 'JSX.IntrinsicElements' exists.
components/actions/evidence-dialog.tsx(168,7): error TS7026: JSX element implicitly has type 'any' because no interface 'JSX.IntrinsicElements' exists.
components/actions/evidence-dialog.tsx(169,9): error TS7026: JSX element implicitly has type 'any' because no interface 'JSX.IntrinsicElements' exists.
components/actions/evidence-dialog.tsx(173,22): error TS7006: Parameter 'e' implicitly has an 'any' type.
components/actions/evidence-dialog.tsx(176,7): error TS7026: JSX element implicitly has type 'any' because no interface 'JSX.IntrinsicElements' exists.
components/actions/evidence-dialog.tsx(186,9): error TS7026: JSX element implicitly has type 'any' because no interface 'JSX.IntrinsicElements' exists.
components/actions/evidence-dialog.tsx(188,9): error TS7026: JSX element implicitly has type 'any' because no interface 'JSX.IntrinsicElements' exists.
components/actions/evidence-dialog.tsx(190,5): error TS7026: JSX element implicitly has type 'any' because no interface 'JSX.IntrinsicElements' exists.
components/actions/evidence-dialog.tsx(264,5): error TS2875: This JSX tag requires the module path 'react/jsx-runtime' to exist, but none could be found. Make sure you have types for the appropriate package installed.
components/actions/evidence-dialog.tsx(266,22): error TS7006: Parameter 'open' implicitly has an 'any' type.
components/actions/evidence-dialog.tsx(273,11): error TS7026: JSX element implicitly has type 'any' because no interface 'JSX.IntrinsicElements' exists.
components/actions/evidence-dialog.tsx(282,11): error TS7026: JSX element implicitly has type 'any' because no interface 'JSX.IntrinsicElements' exists.
components/actions/evidence-dialog.tsx(287,11): error TS7026: JSX element implicitly has type 'any' because no interface 'JSX.IntrinsicElements' exists.
components/actions/evidence-dialog.tsx(288,30): error TS7026: JSX element implicitly has type 'any' because no interface 'JSX.IntrinsicElements' exists.
components/actions/evidence-dialog.tsx(288,63): error TS7026: JSX element implicitly has type 'any' because no interface 'JSX.IntrinsicElements' exists.
components/actions/evidence-dialog.tsx(290,11): error TS7026: JSX element implicitly has type 'any' because no interface 'JSX.IntrinsicElements' exists.
components/actions/evidence-dialog.tsx(292,13): error TS7026: JSX element implicitly has type 'any' because no interface 'JSX.IntrinsicElements' exists.
components/actions/evidence-dialog.tsx(294,13): error TS7026: JSX element implicitly has type 'any' because no interface 'JSX.IntrinsicElements' exists.
components/actions/evidence-dialog.tsx(296,11): error TS7026: JSX element implicitly has type 'any' because no interface 'JSX.IntrinsicElements' exists.
components/actions/evidence-dialog.tsx(299,11): error TS7026: JSX element implicitly has type 'any' because no interface 'JSX.IntrinsicElements' exists.
components/actions/evidence-dialog.tsx(301,13): error TS7026: JSX element implicitly has type 'any' because no interface 'JSX.IntrinsicElements' exists.
components/actions/evidence-dialog.tsx(302,15): error TS7026: JSX element implicitly has type 'any' because no interface 'JSX.IntrinsicElements' exists.
components/actions/evidence-dialog.tsx(304,15): error TS7026: JSX element implicitly has type 'any' because no interface 'JSX.IntrinsicElements' exists.
components/actions/evidence-dialog.tsx(305,15): error TS7026: JSX element implicitly has type 'any' because no interface 'JSX.IntrinsicElements' exists.
components/actions/evidence-dialog.tsx(306,17): error TS7026: JSX element implicitly has type 'any' because no interface 'JSX.IntrinsicElements' exists.
components/actions/evidence-dialog.tsx(310,17): error TS7026: JSX element implicitly has type 'any' because no interface 'JSX.IntrinsicElements' exists.
components/actions/evidence-dialog.tsx(311,17): error TS7026: JSX element implicitly has type 'any' because no interface 'JSX.IntrinsicElements' exists.
components/actions/evidence-dialog.tsx(313,19): error TS7026: JSX element implicitly has type 'any' because no interface 'JSX.IntrinsicElements' exists.
components/actions/evidence-dialog.tsx(313,49): error TS7006: Parameter 'e' implicitly has an 'any' type.
components/actions/evidence-dialog.tsx(314,17): error TS7026: JSX element implicitly has type 'any' because no interface 'JSX.IntrinsicElements' exists.
components/actions/evidence-dialog.tsx(315,17): error TS7026: JSX element implicitly has type 'any' because no interface 'JSX.IntrinsicElements' exists.
components/actions/evidence-dialog.tsx(317,19): error TS7026: JSX element implicitly has type 'any' because no interface 'JSX.IntrinsicElements' exists.
components/actions/evidence-dialog.tsx(317,63): error TS7006: Parameter 'e' implicitly has an 'any' type.
components/actions/evidence-dialog.tsx(318,17): error TS7026: JSX element implicitly has type 'any' because no interface 'JSX.IntrinsicElements' exists.
components/actions/evidence-dialog.tsx(319,17): error TS7026: JSX element implicitly has type 'any' because no interface 'JSX.IntrinsicElements' exists.
components/actions/evidence-dialog.tsx(321,19): error TS7026: JSX element implicitly has type 'any' because no interface 'JSX.IntrinsicElements' exists.
components/actions/evidence-dialog.tsx(321,64): error TS7006: Parameter 'e' implicitly has an 'any' type.
components/actions/evidence-dialog.tsx(322,17): error TS7026: JSX element implicitly has type 'any' because no interface 'JSX.IntrinsicElements' exists.
components/actions/evidence-dialog.tsx(331,15): error TS7026: JSX element implicitly has type 'any' because no interface 'JSX.IntrinsicElements' exists.
components/actions/evidence-dialog.tsx(332,13): error TS7026: JSX element implicitly has type 'any' because no interface 'JSX.IntrinsicElements' exists.
components/actions/evidence-dialog.tsx(334,11): error TS7026: JSX element implicitly has type 'any' because no interface 'JSX.IntrinsicElements' exists.
components/actions/evidence-dialog.tsx(338,13): error TS7026: JSX element implicitly has type 'any' because no interface 'JSX.IntrinsicElements' exists.
components/actions/evidence-dialog.tsx(338,85): error TS7026: JSX element implicitly has type 'any' because no interface 'JSX.IntrinsicElements' exists.
components/actions/evidence-dialog.tsx(339,13): error TS7026: JSX element implicitly has type 'any' because no interface 'JSX.IntrinsicElements' exists.
components/actions/evidence-dialog.tsx(342,13): error TS7026: JSX element implicitly has type 'any' because no interface 'JSX.IntrinsicElements' exists.
components/actions/evidence-dialog.tsx(343,13): error TS7026: JSX element implicitly has type 'any' because no interface 'JSX.IntrinsicElements' exists.
components/actions/evidence-dialog.tsx(346,13): error TS7026: JSX element implicitly has type 'any' because no interface 'JSX.IntrinsicElements' exists.
components/actions/evidence-dialog.tsx(347,13): error TS7026: JSX element implicitly has type 'any' because no interface 'JSX.IntrinsicElements' exists.
components/actions/evidence-dialog.tsx(349,15): error TS7026: JSX element implicitly has type 'any' because no interface 'JSX.IntrinsicElements' exists.
components/actions/evidence-dialog.tsx(356,28): error TS7006: Parameter 'e' implicitly has an 'any' type.
components/actions/evidence-dialog.tsx(359,13): error TS7026: JSX element implicitly has type 'any' because no interface 'JSX.IntrinsicElements' exists.
components/actions/evidence-dialog.tsx(360,13): error TS7026: JSX element implicitly has type 'any' because no interface 'JSX.IntrinsicElements' exists.
components/actions/evidence-dialog.tsx(369,15): error TS7026: JSX element implicitly has type 'any' because no interface 'JSX.IntrinsicElements' exists.
components/actions/evidence-dialog.tsx(371,15): error TS7026: JSX element implicitly has type 'any' because no interface 'JSX.IntrinsicElements' exists.
components/actions/evidence-dialog.tsx(372,13): error TS7026: JSX element implicitly has type 'any' because no interface 'JSX.IntrinsicElements' exists.
components/actions/evidence-dialog.tsx(373,13): error TS7026: JSX element implicitly has type 'any' because no interface 'JSX.IntrinsicElements' exists.
components/actions/evidence-dialog.tsx(374,15): error TS7026: JSX element implicitly has type 'any' because no interface 'JSX.IntrinsicElements' exists.
components/actions/evidence-dialog.tsx(377,28): error TS7006: Parameter 'e' implicitly has an 'any' type.
components/actions/evidence-dialog.tsx(381,13): error TS7026: JSX element implicitly has type 'any' because no interface 'JSX.IntrinsicElements' exists.
components/actions/evidence-dialog.tsx(391,15): error TS7026: JSX element implicitly has type 'any' because no interface 'JSX.IntrinsicElements' exists.
components/actions/evidence-dialog.tsx(394,15): error TS7026: JSX element implicitly has type 'any' because no interface 'JSX.IntrinsicElements' exists.
components/actions/evidence-dialog.tsx(396,11): error TS7026: JSX element implicitly has type 'any' because no interface 'JSX.IntrinsicElements' exists.
components/actions/evidence-dialog.tsx(398,13): error TS7026: JSX element implicitly has type 'any' because no interface 'JSX.IntrinsicElements' exists.
components/actions/evidence-dialog.tsx(400,13): error TS7026: JSX element implicitly has type 'any' because no interface 'JSX.IntrinsicElements' exists.
components/actions/evidence-dialog.tsx(403,13): error TS7026: JSX element implicitly has type 'any' because no interface 'JSX.IntrinsicElements' exists.
components/actions/evidence-dialog.tsx(405,13): error TS7026: JSX element implicitly has type 'any' because no interface 'JSX.IntrinsicElements' exists.
components/actions/evidence-dialog.tsx(407,11): error TS7026: JSX element implicitly has type 'any' because no interface 'JSX.IntrinsicElements' exists.
components/actions/evidence-dialog.tsx(407,85): error TS7026: JSX element implicitly has type 'any' because no interface 'JSX.IntrinsicElements' exists.
components/actions/evidence-dialog.tsx(409,13): error TS7026: JSX element implicitly has type 'any' because no interface 'JSX.IntrinsicElements' exists.
components/actions/evidence-dialog.tsx(411,13): error TS7026: JSX element implicitly has type 'any' because no interface 'JSX.IntrinsicElements' exists.
components/actions/evidence-dialog.tsx(414,13): error TS7026: JSX element implicitly has type 'any' because no interface 'JSX.IntrinsicElements' exists.
components/actions/evidence-dialog.tsx(416,13): error TS7026: JSX element implicitly has type 'any' because no interface 'JSX.IntrinsicElements' exists.
components/actions/evidence-dialog.tsx(418,25): error TS7006: Parameter 'ev' implicitly has an 'any' type.
components/actions/evidence-dialog.tsx(419,13): error TS7026: JSX element implicitly has type 'any' because no interface 'JSX.IntrinsicElements' exists.
components/actions/evidence-dialog.tsx(420,15): error TS7026: JSX element implicitly has type 'any' because no interface 'JSX.IntrinsicElements' exists.
components/actions/evidence-dialog.tsx(422,15): error TS7026: JSX element implicitly has type 'any' because no interface 'JSX.IntrinsicElements' exists.
components/actions/evidence-dialog.tsx(423,15): error TS7026: JSX element implicitly has type 'any' because no interface 'JSX.IntrinsicElements' exists.
components/actions/evidence-dialog.tsx(426,15): error TS7026: JSX element implicitly has type 'any' because no interface 'JSX.IntrinsicElements' exists.
components/actions/evidence-dialog.tsx(429,13): error TS7026: JSX element implicitly has type 'any' because no interface 'JSX.IntrinsicElements' exists.
components/actions/evidence-dialog.tsx(432,13): error TS7026: JSX element implicitly has type 'any' because no interface 'JSX.IntrinsicElements' exists.
components/actions/evidence-dialog.tsx(434,13): error TS7026: JSX element implicitly has type 'any' because no interface 'JSX.IntrinsicElements' exists.
components/actions/evidence-dialog.tsx(436,11): error TS7026: JSX element implicitly has type 'any' because no interface 'JSX.IntrinsicElements' exists.
components/actions/evidence-dialog.tsx(437,13): error TS7026: JSX element implicitly has type 'any' because no interface 'JSX.IntrinsicElements' exists.
components/actions/evidence-dialog.tsx(437,86): error TS7026: JSX element implicitly has type 'any' because no interface 'JSX.IntrinsicElements' exists.
components/actions/evidence-dialog.tsx(438,34): error TS7006: Parameter 'h' implicitly has an 'any' type.
components/actions/evidence-dialog.tsx(439,15): error TS7026: JSX element implicitly has type 'any' because no interface 'JSX.IntrinsicElements' exists.
components/actions/evidence-dialog.tsx(442,15): error TS7026: JSX element implicitly has type 'any' because no interface 'JSX.IntrinsicElements' exists.
components/actions/evidence-dialog.tsx(445,15): error TS7026: JSX element implicitly has type 'any' because no interface 'JSX.IntrinsicElements' exists.
components/actions/evidence-dialog.tsx(445,75): error TS7026: JSX element implicitly has type 'any' because no interface 'JSX.IntrinsicElements' exists.
components/actions/evidence-dialog.tsx(447,11): error TS7026: JSX element implicitly has type 'any' because no interface 'JSX.IntrinsicElements' exists.
components/analytics/indicadores-panel.tsx(2,26): error TS2307: Cannot find module 'react' or its corresponding type declarations.
components/analytics/indicadores-panel.tsx(94,5): error TS7026: JSX element implicitly has type 'any' because no interface 'JSX.IntrinsicElements' exists.
components/analytics/indicadores-panel.tsx(94,5): error TS2875: This JSX tag requires the module path 'react/jsx-runtime' to exist, but none could be found. Make sure you have types for the appropriate package installed.
components/analytics/indicadores-panel.tsx(95,7): error TS7026: JSX element implicitly has type 'any' because no interface 'JSX.IntrinsicElements' exists.
components/analytics/indicadores-panel.tsx(96,9): error TS7026: JSX element implicitly has type 'any' because no interface 'JSX.IntrinsicElements' exists.
components/analytics/indicadores-panel.tsx(99,9): error TS7026: JSX element implicitly has type 'any' because no interface 'JSX.IntrinsicElements' exists.
components/analytics/indicadores-panel.tsx(100,9): error TS7026: JSX element implicitly has type 'any' because no interface 'JSX.IntrinsicElements' exists.
components/analytics/indicadores-panel.tsx(103,9): error TS7026: JSX element implicitly has type 'any' because no interface 'JSX.IntrinsicElements' exists.
components/analytics/indicadores-panel.tsx(104,9): error TS7026: JSX element implicitly has type 'any' because no interface 'JSX.IntrinsicElements' exists.
components/analytics/indicadores-panel.tsx(105,11): error TS7026: JSX element implicitly has type 'any' because no interface 'JSX.IntrinsicElements' exists.
components/analytics/indicadores-panel.tsx(107,13): error TS7026: JSX element implicitly has type 'any' because no interface 'JSX.IntrinsicElements' exists.
components/analytics/indicadores-panel.tsx(110,26): error TS7006: Parameter 'e' implicitly has an 'any' type.
components/analytics/indicadores-panel.tsx(115,17): error TS7026: JSX element implicitly has type 'any' because no interface 'JSX.IntrinsicElements' exists.
components/analytics/indicadores-panel.tsx(117,17): error TS7026: JSX element implicitly has type 'any' because no interface 'JSX.IntrinsicElements' exists.
components/analytics/indicadores-panel.tsx(119,13): error TS7026: JSX element implicitly has type 'any' because no interface 'JSX.IntrinsicElements' exists.
components/analytics/indicadores-panel.tsx(120,11): error TS7026: JSX element implicitly has type 'any' because no interface 'JSX.IntrinsicElements' exists.
components/analytics/indicadores-panel.tsx(121,11): error TS7026: JSX element implicitly has type 'any' because no interface 'JSX.IntrinsicElements' exists.
components/analytics/indicadores-panel.tsx(123,13): error TS7026: JSX element implicitly has type 'any' because no interface 'JSX.IntrinsicElements' exists.
components/analytics/indicadores-panel.tsx(126,26): error TS7006: Parameter 'e' implicitly has an 'any' type.
components/analytics/indicadores-panel.tsx(128,15): error TS7026: JSX element implicitly has type 'any' because no interface 'JSX.IntrinsicElements' exists.
components/analytics/indicadores-panel.tsx(128,63): error TS7026: JSX element implicitly has type 'any' because no interface 'JSX.IntrinsicElements' exists.
components/analytics/indicadores-panel.tsx(130,17): error TS7026: JSX element implicitly has type 'any' because no interface 'JSX.IntrinsicElements' exists.
components/analytics/indicadores-panel.tsx(130,36): error TS7026: JSX element implicitly has type 'any' because no interface 'JSX.IntrinsicElements' exists.
components/analytics/indicadores-panel.tsx(132,13): error TS7026: JSX element implicitly has type 'any' because no interface 'JSX.IntrinsicElements' exists.
components/analytics/indicadores-panel.tsx(133,11): error TS7026: JSX element implicitly has type 'any' because no interface 'JSX.IntrinsicElements' exists.
components/analytics/indicadores-panel.tsx(134,9): error TS7026: JSX element implicitly has type 'any' because no interface 'JSX.IntrinsicElements' exists.
components/analytics/indicadores-panel.tsx(135,7): error TS7026: JSX element implicitly has type 'any' because no interface 'JSX.IntrinsicElements' exists.
components/analytics/indicadores-panel.tsx(136,7): error TS7026: JSX element implicitly has type 'any' because no interface 'JSX.IntrinsicElements' exists.
components/analytics/indicadores-panel.tsx(139,13): error TS2322: Type '{ key: string; modelo: ModeloGrafico; corte: string; onSelect: () => void; }' is not assignable to type '{ modelo: ModeloGrafico; corte: string; onSelect?: ((f: Partial<Filtros>) => void) | undefined; }'.
  Property 'key' does not exist on type '{ modelo: ModeloGrafico; corte: string; onSelect?: ((f: Partial<Filtros>) => void) | undefined; }'.
components/analytics/indicadores-panel.tsx(145,7): error TS7026: JSX element implicitly has type 'any' because no interface 'JSX.IntrinsicElements' exists.
components/analytics/indicadores-panel.tsx(146,7): error TS7026: JSX element implicitly has type 'any' because no interface 'JSX.IntrinsicElements' exists.
components/analytics/indicadores-panel.tsx(147,9): error TS7026: JSX element implicitly has type 'any' because no interface 'JSX.IntrinsicElements' exists.
components/analytics/indicadores-panel.tsx(147,89): error TS7026: JSX element implicitly has type 'any' because no interface 'JSX.IntrinsicElements' exists.
components/analytics/indicadores-panel.tsx(148,9): error TS7026: JSX element implicitly has type 'any' because no interface 'JSX.IntrinsicElements' exists.
components/analytics/indicadores-panel.tsx(151,15): error TS2322: Type '{ key: string; modelo: ModeloGrafico; corte: string; onSelect: () => void; }' is not assignable to type '{ modelo: ModeloGrafico; corte: string; onSelect?: ((f: Partial<Filtros>) => void) | undefined; }'.
  Property 'key' does not exist on type '{ modelo: ModeloGrafico; corte: string; onSelect?: ((f: Partial<Filtros>) => void) | undefined; }'.
components/analytics/indicadores-panel.tsx(157,9): error TS7026: JSX element implicitly has type 'any' because no interface 'JSX.IntrinsicElements' exists.
components/analytics/indicadores-panel.tsx(158,7): error TS7026: JSX element implicitly has type 'any' because no interface 'JSX.IntrinsicElements' exists.
components/analytics/indicadores-panel.tsx(159,7): error TS7026: JSX element implicitly has type 'any' because no interface 'JSX.IntrinsicElements' exists.
components/analytics/indicadores-panel.tsx(160,9): error TS7026: JSX element implicitly has type 'any' because no interface 'JSX.IntrinsicElements' exists.
components/analytics/indicadores-panel.tsx(162,9): error TS7026: JSX element implicitly has type 'any' because no interface 'JSX.IntrinsicElements' exists.
components/analytics/indicadores-panel.tsx(163,9): error TS7026: JSX element implicitly has type 'any' because no interface 'JSX.IntrinsicElements' exists.
components/analytics/indicadores-panel.tsx(166,15): error TS2322: Type '{ key: string; modelo: ModeloGrafico; corte: string; onSelect: () => void; }' is not assignable to type '{ modelo: ModeloGrafico; corte: string; onSelect?: ((f: Partial<Filtros>) => void) | undefined; }'.
  Property 'key' does not exist on type '{ modelo: ModeloGrafico; corte: string; onSelect?: ((f: Partial<Filtros>) => void) | undefined; }'.
components/analytics/indicadores-panel.tsx(172,9): error TS7026: JSX element implicitly has type 'any' because no interface 'JSX.IntrinsicElements' exists.
components/analytics/indicadores-panel.tsx(173,7): error TS7026: JSX element implicitly has type 'any' because no interface 'JSX.IntrinsicElements' exists.
components/analytics/indicadores-panel.tsx(174,7): error TS7026: JSX element implicitly has type 'any' because no interface 'JSX.IntrinsicElements' exists.
components/analytics/indicadores-panel.tsx(175,9): error TS7026: JSX element implicitly has type 'any' because no interface 'JSX.IntrinsicElements' exists.
components/analytics/indicadores-panel.tsx(175,89): error TS7026: JSX element implicitly has type 'any' because no interface 'JSX.IntrinsicElements' exists.
components/analytics/indicadores-panel.tsx(176,9): error TS7026: JSX element implicitly has type 'any' because no interface 'JSX.IntrinsicElements' exists.
components/analytics/indicadores-panel.tsx(179,15): error TS2322: Type '{ key: string; modelo: ModeloGrafico; corte: string; onSelect: () => void; }' is not assignable to type '{ modelo: ModeloGrafico; corte: string; onSelect?: ((f: Partial<Filtros>) => void) | undefined; }'.
  Property 'key' does not exist on type '{ modelo: ModeloGrafico; corte: string; onSelect?: ((f: Partial<Filtros>) => void) | undefined; }'.
components/analytics/indicadores-panel.tsx(185,9): error TS7026: JSX element implicitly has type 'any' because no interface 'JSX.IntrinsicElements' exists.
components/analytics/indicadores-panel.tsx(186,7): error TS7026: JSX element implicitly has type 'any' because no interface 'JSX.IntrinsicElements' exists.
components/analytics/indicadores-panel.tsx(187,7): error TS7026: JSX element implicitly has type 'any' because no interface 'JSX.IntrinsicElements' exists.
components/analytics/indicadores-panel.tsx(188,9): error TS7026: JSX element implicitly has type 'any' because no interface 'JSX.IntrinsicElements' exists.
components/analytics/indicadores-panel.tsx(190,9): error TS7026: JSX element implicitly has type 'any' because no interface 'JSX.IntrinsicElements' exists.
components/analytics/indicadores-panel.tsx(191,9): error TS7026: JSX element implicitly has type 'any' because no interface 'JSX.IntrinsicElements' exists.
components/analytics/indicadores-panel.tsx(194,9): error TS7026: JSX element implicitly has type 'any' because no interface 'JSX.IntrinsicElements' exists.
components/analytics/indicadores-panel.tsx(195,9): error TS7026: JSX element implicitly has type 'any' because no interface 'JSX.IntrinsicElements' exists.
components/analytics/indicadores-panel.tsx(197,11): error TS7026: JSX element implicitly has type 'any' because no interface 'JSX.IntrinsicElements' exists.
components/analytics/indicadores-panel.tsx(200,24): error TS7006: Parameter 'e' implicitly has an 'any' type.
components/analytics/indicadores-panel.tsx(202,9): error TS7026: JSX element implicitly has type 'any' because no interface 'JSX.IntrinsicElements' exists.
components/analytics/indicadores-panel.tsx(204,11): error TS7026: JSX element implicitly has type 'any' because no interface 'JSX.IntrinsicElements' exists.
components/analytics/indicadores-panel.tsx(205,13): error TS7026: JSX element implicitly has type 'any' because no interface 'JSX.IntrinsicElements' exists.
components/analytics/indicadores-panel.tsx(206,15): error TS7026: JSX element implicitly has type 'any' because no interface 'JSX.IntrinsicElements' exists.
components/analytics/indicadores-panel.tsx(206,26): error TS7026: JSX element implicitly has type 'any' because no interface 'JSX.IntrinsicElements' exists.
components/analytics/indicadores-panel.tsx(207,15): error TS7026: JSX element implicitly has type 'any' because no interface 'JSX.IntrinsicElements' exists.
components/analytics/indicadores-panel.tsx(207,25): error TS7026: JSX element implicitly has type 'any' because no interface 'JSX.IntrinsicElements' exists.
components/analytics/indicadores-panel.tsx(208,15): error TS7026: JSX element implicitly has type 'any' because no interface 'JSX.IntrinsicElements' exists.
components/analytics/indicadores-panel.tsx(208,28): error TS7026: JSX element implicitly has type 'any' because no interface 'JSX.IntrinsicElements' exists.
components/analytics/indicadores-panel.tsx(209,15): error TS7026: JSX element implicitly has type 'any' because no interface 'JSX.IntrinsicElements' exists.
components/analytics/indicadores-panel.tsx(209,33): error TS7026: JSX element implicitly has type 'any' because no interface 'JSX.IntrinsicElements' exists.
components/analytics/indicadores-panel.tsx(210,15): error TS7026: JSX element implicitly has type 'any' because no interface 'JSX.IntrinsicElements' exists.
components/analytics/indicadores-panel.tsx(210,32): error TS7026: JSX element implicitly has type 'any' because no interface 'JSX.IntrinsicElements' exists.
components/analytics/indicadores-panel.tsx(211,13): error TS7026: JSX element implicitly has type 'any' because no interface 'JSX.IntrinsicElements' exists.
components/analytics/indicadores-panel.tsx(212,11): error TS7026: JSX element implicitly has type 'any' because no interface 'JSX.IntrinsicElements' exists.
components/analytics/indicadores-panel.tsx(213,11): error TS7026: JSX element implicitly has type 'any' because no interface 'JSX.IntrinsicElements' exists.
components/analytics/indicadores-panel.tsx(215,15): error TS7026: JSX element implicitly has type 'any' because no interface 'JSX.IntrinsicElements' exists.
components/analytics/indicadores-panel.tsx(216,17): error TS7026: JSX element implicitly has type 'any' because no interface 'JSX.IntrinsicElements' exists.
components/analytics/indicadores-panel.tsx(216,32): error TS7026: JSX element implicitly has type 'any' because no interface 'JSX.IntrinsicElements' exists.
components/analytics/indicadores-panel.tsx(217,17): error TS7026: JSX element implicitly has type 'any' because no interface 'JSX.IntrinsicElements' exists.
components/analytics/indicadores-panel.tsx(217,31): error TS7026: JSX element implicitly has type 'any' because no interface 'JSX.IntrinsicElements' exists.
components/analytics/indicadores-panel.tsx(218,17): error TS7026: JSX element implicitly has type 'any' because no interface 'JSX.IntrinsicElements' exists.
components/analytics/indicadores-panel.tsx(218,34): error TS7026: JSX element implicitly has type 'any' because no interface 'JSX.IntrinsicElements' exists.
components/analytics/indicadores-panel.tsx(219,17): error TS7026: JSX element implicitly has type 'any' because no interface 'JSX.IntrinsicElements' exists.
components/analytics/indicadores-panel.tsx(219,30): error TS7026: JSX element implicitly has type 'any' because no interface 'JSX.IntrinsicElements' exists.
components/analytics/indicadores-panel.tsx(220,17): error TS7026: JSX element implicitly has type 'any' because no interface 'JSX.IntrinsicElements' exists.
components/analytics/indicadores-panel.tsx(222,19): error TS7026: JSX element implicitly has type 'any' because no interface 'JSX.IntrinsicElements' exists.
components/analytics/indicadores-panel.tsx(224,17): error TS7026: JSX element implicitly has type 'any' because no interface 'JSX.IntrinsicElements' exists.
components/analytics/indicadores-panel.tsx(225,15): error TS7026: JSX element implicitly has type 'any' because no interface 'JSX.IntrinsicElements' exists.
components/analytics/indicadores-panel.tsx(227,11): error TS7026: JSX element implicitly has type 'any' because no interface 'JSX.IntrinsicElements' exists.
components/analytics/indicadores-panel.tsx(229,7): error TS7026: JSX element implicitly has type 'any' because no interface 'JSX.IntrinsicElements' exists.
components/analytics/indicadores-panel.tsx(230,5): error TS7026: JSX element implicitly has type 'any' because no interface 'JSX.IntrinsicElements' exists.
components/analytics/kpis.tsx(52,5): error TS7026: JSX element implicitly has type 'any' because no interface 'JSX.IntrinsicElements' exists.
components/analytics/kpis.tsx(52,5): error TS2875: This JSX tag requires the module path 'react/jsx-runtime' to exist, but none could be found. Make sure you have types for the appropriate package installed.
components/analytics/kpis.tsx(58,11): error TS7026: JSX element implicitly has type 'any' because no interface 'JSX.IntrinsicElements' exists.
components/analytics/kpis.tsx(58,75): error TS7026: JSX element implicitly has type 'any' because no interface 'JSX.IntrinsicElements' exists.
components/analytics/kpis.tsx(59,11): error TS7026: JSX element implicitly has type 'any' because no interface 'JSX.IntrinsicElements' exists.
components/analytics/kpis.tsx(64,11): error TS7026: JSX element implicitly has type 'any' because no interface 'JSX.IntrinsicElements' exists.
components/analytics/kpis.tsx(65,11): error TS7026: JSX element implicitly has type 'any' because no interface 'JSX.IntrinsicElements' exists.
components/analytics/kpis.tsx(65,81): error TS7026: JSX element implicitly has type 'any' because no interface 'JSX.IntrinsicElements' exists.
components/analytics/kpis.tsx(68,5): error TS7026: JSX element implicitly has type 'any' because no interface 'JSX.IntrinsicElements' exists.
components/analytics/reproduccion-controls.tsx(2,37): error TS2307: Cannot find module 'react' or its corresponding type declarations.
components/analytics/reproduccion-controls.tsx(69,5): error TS7026: JSX element implicitly has type 'any' because no interface 'JSX.IntrinsicElements' exists.
components/analytics/reproduccion-controls.tsx(69,5): error TS2875: This JSX tag requires the module path 'react/jsx-runtime' to exist, but none could be found. Make sure you have types for the appropriate package installed.
components/analytics/reproduccion-controls.tsx(73,7): error TS7026: JSX element implicitly has type 'any' because no interface 'JSX.IntrinsicElements' exists.
components/analytics/reproduccion-controls.tsx(102,11): error TS7026: JSX element implicitly has type 'any' because no interface 'JSX.IntrinsicElements' exists.
components/analytics/reproduccion-controls.tsx(104,11): error TS7026: JSX element implicitly has type 'any' because no interface 'JSX.IntrinsicElements' exists.
components/analytics/reproduccion-controls.tsx(106,7): error TS7026: JSX element implicitly has type 'any' because no interface 'JSX.IntrinsicElements' exists.
components/analytics/reproduccion-controls.tsx(107,7): error TS7026: JSX element implicitly has type 'any' because no interface 'JSX.IntrinsicElements' exists.
components/analytics/reproduccion-controls.tsx(110,7): error TS7026: JSX element implicitly has type 'any' because no interface 'JSX.IntrinsicElements' exists.
components/analytics/reproduccion-controls.tsx(112,9): error TS7026: JSX element implicitly has type 'any' because no interface 'JSX.IntrinsicElements' exists.
components/analytics/reproduccion-controls.tsx(120,9): error TS7026: JSX element implicitly has type 'any' because no interface 'JSX.IntrinsicElements' exists.
components/analytics/reproduccion-controls.tsx(125,9): error TS7026: JSX element implicitly has type 'any' because no interface 'JSX.IntrinsicElements' exists.
components/analytics/reproduccion-controls.tsx(128,9): error TS7026: JSX element implicitly has type 'any' because no interface 'JSX.IntrinsicElements' exists.
components/analytics/reproduccion-controls.tsx(130,9): error TS7026: JSX element implicitly has type 'any' because no interface 'JSX.IntrinsicElements' exists.
components/analytics/reproduccion-controls.tsx(132,5): error TS7026: JSX element implicitly has type 'any' because no interface 'JSX.IntrinsicElements' exists.
components/brand/wordmark.tsx(4,5): error TS7026: JSX element implicitly has type 'any' because no interface 'JSX.IntrinsicElements' exists.
components/brand/wordmark.tsx(4,5): error TS2875: This JSX tag requires the module path 'react/jsx-runtime' to exist, but none could be found. Make sure you have types for the appropriate package installed.
components/brand/wordmark.tsx(10,7): error TS7026: JSX element implicitly has type 'any' because no interface 'JSX.IntrinsicElements' exists.
components/brand/wordmark.tsx(12,7): error TS7026: JSX element implicitly has type 'any' because no interface 'JSX.IntrinsicElements' exists.
components/brand/wordmark.tsx(13,7): error TS7026: JSX element implicitly has type 'any' because no interface 'JSX.IntrinsicElements' exists.
components/brand/wordmark.tsx(15,7): error TS7026: JSX element implicitly has type 'any' because no interface 'JSX.IntrinsicElements' exists.
components/brand/wordmark.tsx(16,5): error TS7026: JSX element implicitly has type 'any' because no interface 'JSX.IntrinsicElements' exists.
components/campo/formulario-campo.tsx(2,19): error TS2307: Cannot find module 'next/image' or its corresponding type declarations.
components/campo/formulario-campo.tsx(3,45): error TS2307: Cannot find module 'react' or its corresponding type declarations.
components/campo/formulario-campo.tsx(36,5): error TS7026: JSX element implicitly has type 'any' because no interface 'JSX.IntrinsicElements' exists.
components/campo/formulario-campo.tsx(47,7): error TS7026: JSX element implicitly has type 'any' because no interface 'JSX.IntrinsicElements' exists.
components/campo/formulario-campo.tsx(49,7): error TS7026: JSX element implicitly has type 'any' because no interface 'JSX.IntrinsicElements' exists.
components/campo/formulario-campo.tsx(59,5): error TS7026: JSX element implicitly has type 'any' because no interface 'JSX.IntrinsicElements' exists.
components/campo/formulario-campo.tsx(126,11): error TS7006: Parameter 'prev' implicitly has an 'any' type.
components/campo/formulario-campo.tsx(146,17): error TS7006: Parameter 'prev' implicitly has an 'any' type.
components/campo/formulario-campo.tsx(147,13): error TS7006: Parameter 'prev' implicitly has an 'any' type.
components/campo/formulario-campo.tsx(172,13): error TS7006: Parameter 'prev' implicitly has an 'any' type.
components/campo/formulario-campo.tsx(242,23): error TS7006: Parameter 'p' implicitly has an 'any' type.
components/campo/formulario-campo.tsx(242,26): error TS7006: Parameter 'i' implicitly has an 'any' type.
components/campo/formulario-campo.tsx(245,5): error TS7026: JSX element implicitly has type 'any' because no interface 'JSX.IntrinsicElements' exists.
components/campo/formulario-campo.tsx(245,5): error TS2875: This JSX tag requires the module path 'react/jsx-runtime' to exist, but none could be found. Make sure you have types for the appropriate package installed.
components/campo/formulario-campo.tsx(249,7): error TS7026: JSX element implicitly has type 'any' because no interface 'JSX.IntrinsicElements' exists.
components/campo/formulario-campo.tsx(251,11): error TS7026: JSX element implicitly has type 'any' because no interface 'JSX.IntrinsicElements' exists.
components/campo/formulario-campo.tsx(256,13): error TS7026: JSX element implicitly has type 'any' because no interface 'JSX.IntrinsicElements' exists.
components/campo/formulario-campo.tsx(256,48): error TS7026: JSX element implicitly has type 'any' because no interface 'JSX.IntrinsicElements' exists.
components/campo/formulario-campo.tsx(257,13): error TS7026: JSX element implicitly has type 'any' because no interface 'JSX.IntrinsicElements' exists.
components/campo/formulario-campo.tsx(257,61): error TS7026: JSX element implicitly has type 'any' because no interface 'JSX.IntrinsicElements' exists.
components/campo/formulario-campo.tsx(258,11): error TS7026: JSX element implicitly has type 'any' because no interface 'JSX.IntrinsicElements' exists.
components/campo/formulario-campo.tsx(260,7): error TS7026: JSX element implicitly has type 'any' because no interface 'JSX.IntrinsicElements' exists.
components/campo/formulario-campo.tsx(261,7): error TS7026: JSX element implicitly has type 'any' because no interface 'JSX.IntrinsicElements' exists.
components/campo/formulario-campo.tsx(263,7): error TS7026: JSX element implicitly has type 'any' because no interface 'JSX.IntrinsicElements' exists.
components/campo/formulario-campo.tsx(264,7): error TS7026: JSX element implicitly has type 'any' because no interface 'JSX.IntrinsicElements' exists.
components/campo/formulario-campo.tsx(267,7): error TS7026: JSX element implicitly has type 'any' because no interface 'JSX.IntrinsicElements' exists.
components/campo/formulario-campo.tsx(268,7): error TS7026: JSX element implicitly has type 'any' because no interface 'JSX.IntrinsicElements' exists.
components/campo/formulario-campo.tsx(269,20): error TS7006: Parameter 'e' implicitly has an 'any' type.
components/campo/formulario-campo.tsx(279,9): error TS7026: JSX element implicitly has type 'any' because no interface 'JSX.IntrinsicElements' exists.
components/campo/formulario-campo.tsx(280,11): error TS7026: JSX element implicitly has type 'any' because no interface 'JSX.IntrinsicElements' exists.
components/campo/formulario-campo.tsx(280,52): error TS7026: JSX element implicitly has type 'any' because no interface 'JSX.IntrinsicElements' exists.
components/campo/formulario-campo.tsx(283,15): error TS7026: JSX element implicitly has type 'any' because no interface 'JSX.IntrinsicElements' exists.
components/campo/formulario-campo.tsx(285,17): error TS7026: JSX element implicitly has type 'any' because no interface 'JSX.IntrinsicElements' exists.
components/campo/formulario-campo.tsx(294,23): error TS7026: JSX element implicitly has type 'any' because no interface 'JSX.IntrinsicElements' exists.
components/campo/formulario-campo.tsx(296,23): error TS7026: JSX element implicitly has type 'any' because no interface 'JSX.IntrinsicElements' exists.
components/campo/formulario-campo.tsx(298,17): error TS7026: JSX element implicitly has type 'any' because no interface 'JSX.IntrinsicElements' exists.
components/campo/formulario-campo.tsx(299,17): error TS7026: JSX element implicitly has type 'any' because no interface 'JSX.IntrinsicElements' exists.
components/campo/formulario-campo.tsx(301,17): error TS7026: JSX element implicitly has type 'any' because no interface 'JSX.IntrinsicElements' exists.
components/campo/formulario-campo.tsx(302,15): error TS7026: JSX element implicitly has type 'any' because no interface 'JSX.IntrinsicElements' exists.
components/campo/formulario-campo.tsx(303,15): error TS7026: JSX element implicitly has type 'any' because no interface 'JSX.IntrinsicElements' exists.
components/campo/formulario-campo.tsx(304,17): error TS7026: JSX element implicitly has type 'any' because no interface 'JSX.IntrinsicElements' exists.
components/campo/formulario-campo.tsx(306,19): error TS7026: JSX element implicitly has type 'any' because no interface 'JSX.IntrinsicElements' exists.
components/campo/formulario-campo.tsx(310,32): error TS7006: Parameter 'e' implicitly has an 'any' type.
components/campo/formulario-campo.tsx(312,17): error TS7026: JSX element implicitly has type 'any' because no interface 'JSX.IntrinsicElements' exists.
components/campo/formulario-campo.tsx(313,17): error TS7026: JSX element implicitly has type 'any' because no interface 'JSX.IntrinsicElements' exists.
components/campo/formulario-campo.tsx(315,19): error TS7026: JSX element implicitly has type 'any' because no interface 'JSX.IntrinsicElements' exists.
components/campo/formulario-campo.tsx(319,32): error TS7006: Parameter 'e' implicitly has an 'any' type.
components/campo/formulario-campo.tsx(321,17): error TS7026: JSX element implicitly has type 'any' because no interface 'JSX.IntrinsicElements' exists.
components/campo/formulario-campo.tsx(322,15): error TS7026: JSX element implicitly has type 'any' because no interface 'JSX.IntrinsicElements' exists.
components/campo/formulario-campo.tsx(323,15): error TS7026: JSX element implicitly has type 'any' because no interface 'JSX.IntrinsicElements' exists.
components/campo/formulario-campo.tsx(325,15): error TS7026: JSX element implicitly has type 'any' because no interface 'JSX.IntrinsicElements' exists.
components/campo/formulario-campo.tsx(326,15): error TS7026: JSX element implicitly has type 'any' because no interface 'JSX.IntrinsicElements' exists.
components/campo/formulario-campo.tsx(328,17): error TS7026: JSX element implicitly has type 'any' because no interface 'JSX.IntrinsicElements' exists.
components/campo/formulario-campo.tsx(332,30): error TS7006: Parameter 'e' implicitly has an 'any' type.
components/campo/formulario-campo.tsx(335,15): error TS7026: JSX element implicitly has type 'any' because no interface 'JSX.IntrinsicElements' exists.
components/campo/formulario-campo.tsx(340,15): error TS7026: JSX element implicitly has type 'any' because no interface 'JSX.IntrinsicElements' exists.
components/campo/formulario-campo.tsx(342,17): error TS7026: JSX element implicitly has type 'any' because no interface 'JSX.IntrinsicElements' exists.
components/campo/formulario-campo.tsx(345,30): error TS7006: Parameter 'e' implicitly has an 'any' type.
components/campo/formulario-campo.tsx(348,21): error TS7026: JSX element implicitly has type 'any' because no interface 'JSX.IntrinsicElements' exists.
components/campo/formulario-campo.tsx(348,40): error TS7026: JSX element implicitly has type 'any' because no interface 'JSX.IntrinsicElements' exists.
components/campo/formulario-campo.tsx(350,17): error TS7026: JSX element implicitly has type 'any' because no interface 'JSX.IntrinsicElements' exists.
components/campo/formulario-campo.tsx(351,15): error TS7026: JSX element implicitly has type 'any' because no interface 'JSX.IntrinsicElements' exists.
components/campo/formulario-campo.tsx(352,15): error TS7026: JSX element implicitly has type 'any' because no interface 'JSX.IntrinsicElements' exists.
components/campo/formulario-campo.tsx(354,17): error TS7026: JSX element implicitly has type 'any' because no interface 'JSX.IntrinsicElements' exists.
components/campo/formulario-campo.tsx(357,30): error TS7006: Parameter 'e' implicitly has an 'any' type.
components/campo/formulario-campo.tsx(360,15): error TS7026: JSX element implicitly has type 'any' because no interface 'JSX.IntrinsicElements' exists.
components/campo/formulario-campo.tsx(361,15): error TS7026: JSX element implicitly has type 'any' because no interface 'JSX.IntrinsicElements' exists.
components/campo/formulario-campo.tsx(363,17): error TS7026: JSX element implicitly has type 'any' because no interface 'JSX.IntrinsicElements' exists.
components/campo/formulario-campo.tsx(366,30): error TS7006: Parameter 'e' implicitly has an 'any' type.
components/campo/formulario-campo.tsx(369,15): error TS7026: JSX element implicitly has type 'any' because no interface 'JSX.IntrinsicElements' exists.
components/campo/formulario-campo.tsx(370,15): error TS7026: JSX element implicitly has type 'any' because no interface 'JSX.IntrinsicElements' exists.
components/campo/formulario-campo.tsx(372,17): error TS7026: JSX element implicitly has type 'any' because no interface 'JSX.IntrinsicElements' exists.
components/campo/formulario-campo.tsx(375,30): error TS7006: Parameter 'e' implicitly has an 'any' type.
components/campo/formulario-campo.tsx(377,19): error TS7026: JSX element implicitly has type 'any' because no interface 'JSX.IntrinsicElements' exists.
components/campo/formulario-campo.tsx(377,59): error TS7026: JSX element implicitly has type 'any' because no interface 'JSX.IntrinsicElements' exists.
components/campo/formulario-campo.tsx(385,23): error TS7026: JSX element implicitly has type 'any' because no interface 'JSX.IntrinsicElements' exists.
components/campo/formulario-campo.tsx(385,42): error TS7026: JSX element implicitly has type 'any' because no interface 'JSX.IntrinsicElements' exists.
components/campo/formulario-campo.tsx(387,17): error TS7026: JSX element implicitly has type 'any' because no interface 'JSX.IntrinsicElements' exists.
components/campo/formulario-campo.tsx(388,15): error TS7026: JSX element implicitly has type 'any' because no interface 'JSX.IntrinsicElements' exists.
components/campo/formulario-campo.tsx(389,15): error TS7026: JSX element implicitly has type 'any' because no interface 'JSX.IntrinsicElements' exists.
components/campo/formulario-campo.tsx(391,17): error TS7026: JSX element implicitly has type 'any' because no interface 'JSX.IntrinsicElements' exists.
components/campo/formulario-campo.tsx(394,30): error TS7006: Parameter 'e' implicitly has an 'any' type.
components/campo/formulario-campo.tsx(398,19): error TS7026: JSX element implicitly has type 'any' because no interface 'JSX.IntrinsicElements' exists.
components/campo/formulario-campo.tsx(398,58): error TS7026: JSX element implicitly has type 'any' because no interface 'JSX.IntrinsicElements' exists.
components/campo/formulario-campo.tsx(399,19): error TS7026: JSX element implicitly has type 'any' because no interface 'JSX.IntrinsicElements' exists.
components/campo/formulario-campo.tsx(399,40): error TS7026: JSX element implicitly has type 'any' because no interface 'JSX.IntrinsicElements' exists.
components/campo/formulario-campo.tsx(400,19): error TS7026: JSX element implicitly has type 'any' because no interface 'JSX.IntrinsicElements' exists.
components/campo/formulario-campo.tsx(400,40): error TS7026: JSX element implicitly has type 'any' because no interface 'JSX.IntrinsicElements' exists.
components/campo/formulario-campo.tsx(401,17): error TS7026: JSX element implicitly has type 'any' because no interface 'JSX.IntrinsicElements' exists.
components/campo/formulario-campo.tsx(402,15): error TS7026: JSX element implicitly has type 'any' because no interface 'JSX.IntrinsicElements' exists.
components/campo/formulario-campo.tsx(403,15): error TS7026: JSX element implicitly has type 'any' because no interface 'JSX.IntrinsicElements' exists.
components/campo/formulario-campo.tsx(405,17): error TS7026: JSX element implicitly has type 'any' because no interface 'JSX.IntrinsicElements' exists.
components/campo/formulario-campo.tsx(410,30): error TS7006: Parameter 'e' implicitly has an 'any' type.
components/campo/formulario-campo.tsx(412,15): error TS7026: JSX element implicitly has type 'any' because no interface 'JSX.IntrinsicElements' exists.
components/campo/formulario-campo.tsx(418,19): error TS7026: JSX element implicitly has type 'any' because no interface 'JSX.IntrinsicElements' exists.
components/campo/formulario-campo.tsx(421,19): error TS7026: JSX element implicitly has type 'any' because no interface 'JSX.IntrinsicElements' exists.
components/campo/formulario-campo.tsx(424,15): error TS7026: JSX element implicitly has type 'any' because no interface 'JSX.IntrinsicElements' exists.
components/campo/formulario-campo.tsx(431,28): error TS7006: Parameter 'e' implicitly has an 'any' type.
components/campo/formulario-campo.tsx(435,15): error TS7026: JSX element implicitly has type 'any' because no interface 'JSX.IntrinsicElements' exists.
components/campo/formulario-campo.tsx(442,28): error TS7006: Parameter 'e' implicitly has an 'any' type.
components/campo/formulario-campo.tsx(446,15): error TS7026: JSX element implicitly has type 'any' because no interface 'JSX.IntrinsicElements' exists.
components/campo/formulario-campo.tsx(453,15): error TS7026: JSX element implicitly has type 'any' because no interface 'JSX.IntrinsicElements' exists.
components/campo/formulario-campo.tsx(454,15): error TS7026: JSX element implicitly has type 'any' because no interface 'JSX.IntrinsicElements' exists.
components/campo/formulario-campo.tsx(457,15): error TS7026: JSX element implicitly has type 'any' because no interface 'JSX.IntrinsicElements' exists.
components/campo/formulario-campo.tsx(458,15): error TS7026: JSX element implicitly has type 'any' because no interface 'JSX.IntrinsicElements' exists.
components/campo/formulario-campo.tsx(459,29): error TS7006: Parameter 'foto' implicitly has an 'any' type.
components/campo/formulario-campo.tsx(459,35): error TS7006: Parameter 'i' implicitly has an 'any' type.
components/campo/formulario-campo.tsx(461,21): error TS2322: Type '{ key: string; foto: any; index: any; quitar: () => void; }' is not assignable to type '{ foto: File; index: number; quitar: () => void; }'.
  Property 'key' does not exist on type '{ foto: File; index: number; quitar: () => void; }'.
components/campo/formulario-campo.tsx(465,33): error TS7006: Parameter 'prev' implicitly has an 'any' type.
components/campo/formulario-campo.tsx(465,55): error TS7006: Parameter '_' implicitly has an 'any' type.
components/campo/formulario-campo.tsx(465,58): error TS7006: Parameter 'idx' implicitly has an 'any' type.
components/campo/formulario-campo.tsx(470,15): error TS7026: JSX element implicitly has type 'any' because no interface 'JSX.IntrinsicElements' exists.
components/campo/formulario-campo.tsx(475,15): error TS7026: JSX element implicitly has type 'any' because no interface 'JSX.IntrinsicElements' exists.
components/campo/formulario-campo.tsx(477,17): error TS7026: JSX element implicitly has type 'any' because no interface 'JSX.IntrinsicElements' exists.
components/campo/formulario-campo.tsx(480,30): error TS7006: Parameter 'e' implicitly has an 'any' type.
components/campo/formulario-campo.tsx(485,40): error TS7006: Parameter 'p' implicitly has an 'any' type.
components/campo/formulario-campo.tsx(491,27): error TS7006: Parameter 'prev' implicitly has an 'any' type.
components/campo/formulario-campo.tsx(499,19): error TS7026: JSX element implicitly has type 'any' because no interface 'JSX.IntrinsicElements' exists.
components/campo/formulario-campo.tsx(499,46): error TS7026: JSX element implicitly has type 'any' because no interface 'JSX.IntrinsicElements' exists.
components/campo/formulario-campo.tsx(500,19): error TS7026: JSX element implicitly has type 'any' because no interface 'JSX.IntrinsicElements' exists.
components/campo/formulario-campo.tsx(500,40): error TS7026: JSX element implicitly has type 'any' because no interface 'JSX.IntrinsicElements' exists.
components/campo/formulario-campo.tsx(501,19): error TS7026: JSX element implicitly has type 'any' because no interface 'JSX.IntrinsicElements' exists.
components/campo/formulario-campo.tsx(501,40): error TS7026: JSX element implicitly has type 'any' because no interface 'JSX.IntrinsicElements' exists.
components/campo/formulario-campo.tsx(502,17): error TS7026: JSX element implicitly has type 'any' because no interface 'JSX.IntrinsicElements' exists.
components/campo/formulario-campo.tsx(503,15): error TS7026: JSX element implicitly has type 'any' because no interface 'JSX.IntrinsicElements' exists.
components/campo/formulario-campo.tsx(505,33): error TS7006: Parameter 'p' implicitly has an 'any' type.
components/campo/formulario-campo.tsx(505,36): error TS7006: Parameter 'i' implicitly has an 'any' type.
components/campo/formulario-campo.tsx(506,19): error TS7026: JSX element implicitly has type 'any' because no interface 'JSX.IntrinsicElements' exists.
components/campo/formulario-campo.tsx(507,21): error TS7026: JSX element implicitly has type 'any' because no interface 'JSX.IntrinsicElements' exists.
components/campo/formulario-campo.tsx(509,21): error TS7026: JSX element implicitly has type 'any' because no interface 'JSX.IntrinsicElements' exists.
components/campo/formulario-campo.tsx(510,21): error TS7026: JSX element implicitly has type 'any' because no interface 'JSX.IntrinsicElements' exists.
components/campo/formulario-campo.tsx(512,23): error TS7026: JSX element implicitly has type 'any' because no interface 'JSX.IntrinsicElements' exists.
components/campo/formulario-campo.tsx(516,36): error TS7006: Parameter 'e' implicitly has an 'any' type.
components/campo/formulario-campo.tsx(519,21): error TS7026: JSX element implicitly has type 'any' because no interface 'JSX.IntrinsicElements' exists.
components/campo/formulario-campo.tsx(520,21): error TS7026: JSX element implicitly has type 'any' because no interface 'JSX.IntrinsicElements' exists.
components/campo/formulario-campo.tsx(522,23): error TS7026: JSX element implicitly has type 'any' because no interface 'JSX.IntrinsicElements' exists.
components/campo/formulario-campo.tsx(526,36): error TS7006: Parameter 'e' implicitly has an 'any' type.
components/campo/formulario-campo.tsx(532,25): error TS7026: JSX element implicitly has type 'any' because no interface 'JSX.IntrinsicElements' exists.
components/campo/formulario-campo.tsx(532,51): error TS7026: JSX element implicitly has type 'any' because no interface 'JSX.IntrinsicElements' exists.
components/campo/formulario-campo.tsx(534,27): error TS7026: JSX element implicitly has type 'any' because no interface 'JSX.IntrinsicElements' exists.
components/campo/formulario-campo.tsx(534,46): error TS7026: JSX element implicitly has type 'any' because no interface 'JSX.IntrinsicElements' exists.
components/campo/formulario-campo.tsx(536,23): error TS7026: JSX element implicitly has type 'any' because no interface 'JSX.IntrinsicElements' exists.
components/campo/formulario-campo.tsx(537,21): error TS7026: JSX element implicitly has type 'any' because no interface 'JSX.IntrinsicElements' exists.
components/campo/formulario-campo.tsx(545,48): error TS7006: Parameter '_' implicitly has an 'any' type.
components/campo/formulario-campo.tsx(545,51): error TS7006: Parameter 'idx' implicitly has an 'any' type.
components/campo/formulario-campo.tsx(552,19): error TS7026: JSX element implicitly has type 'any' because no interface 'JSX.IntrinsicElements' exists.
components/campo/formulario-campo.tsx(565,15): error TS7026: JSX element implicitly has type 'any' because no interface 'JSX.IntrinsicElements' exists.
components/campo/formulario-campo.tsx(568,15): error TS7026: JSX element implicitly has type 'any' because no interface 'JSX.IntrinsicElements' exists.
components/campo/formulario-campo.tsx(573,15): error TS7026: JSX element implicitly has type 'any' because no interface 'JSX.IntrinsicElements' exists.
components/campo/formulario-campo.tsx(575,17): error TS7026: JSX element implicitly has type 'any' because no interface 'JSX.IntrinsicElements' exists.
components/campo/formulario-campo.tsx(580,30): error TS7006: Parameter 'e' implicitly has an 'any' type.
components/campo/formulario-campo.tsx(583,15): error TS7026: JSX element implicitly has type 'any' because no interface 'JSX.IntrinsicElements' exists.
components/campo/formulario-campo.tsx(584,15): error TS7026: JSX element implicitly has type 'any' because no interface 'JSX.IntrinsicElements' exists.
components/campo/formulario-campo.tsx(585,17): error TS7026: JSX element implicitly has type 'any' because no interface 'JSX.IntrinsicElements' exists.
components/campo/formulario-campo.tsx(585,76): error TS7026: JSX element implicitly has type 'any' because no interface 'JSX.IntrinsicElements' exists.
components/campo/formulario-campo.tsx(586,17): error TS7026: JSX element implicitly has type 'any' because no interface 'JSX.IntrinsicElements' exists.
components/campo/formulario-campo.tsx(587,19): error TS7026: JSX element implicitly has type 'any' because no interface 'JSX.IntrinsicElements' exists.
components/campo/formulario-campo.tsx(587,39): error TS7026: JSX element implicitly has type 'any' because no interface 'JSX.IntrinsicElements' exists.
components/campo/formulario-campo.tsx(588,19): error TS7026: JSX element implicitly has type 'any' because no interface 'JSX.IntrinsicElements' exists.
components/campo/formulario-campo.tsx(590,19): error TS7026: JSX element implicitly has type 'any' because no interface 'JSX.IntrinsicElements' exists.
components/campo/formulario-campo.tsx(591,19): error TS7026: JSX element implicitly has type 'any' because no interface 'JSX.IntrinsicElements' exists.
components/campo/formulario-campo.tsx(591,30): error TS7026: JSX element implicitly has type 'any' because no interface 'JSX.IntrinsicElements' exists.
components/campo/formulario-campo.tsx(592,19): error TS7026: JSX element implicitly has type 'any' because no interface 'JSX.IntrinsicElements' exists.
components/campo/formulario-campo.tsx(594,19): error TS7026: JSX element implicitly has type 'any' because no interface 'JSX.IntrinsicElements' exists.
components/campo/formulario-campo.tsx(595,19): error TS7026: JSX element implicitly has type 'any' because no interface 'JSX.IntrinsicElements' exists.
components/campo/formulario-campo.tsx(595,34): error TS7026: JSX element implicitly has type 'any' because no interface 'JSX.IntrinsicElements' exists.
components/campo/formulario-campo.tsx(596,19): error TS7026: JSX element implicitly has type 'any' because no interface 'JSX.IntrinsicElements' exists.
components/campo/formulario-campo.tsx(596,82): error TS7026: JSX element implicitly has type 'any' because no interface 'JSX.IntrinsicElements' exists.
components/campo/formulario-campo.tsx(597,19): error TS7026: JSX element implicitly has type 'any' because no interface 'JSX.IntrinsicElements' exists.
components/campo/formulario-campo.tsx(597,41): error TS7026: JSX element implicitly has type 'any' because no interface 'JSX.IntrinsicElements' exists.
components/campo/formulario-campo.tsx(598,19): error TS7026: JSX element implicitly has type 'any' because no interface 'JSX.IntrinsicElements' exists.
components/campo/formulario-campo.tsx(602,19): error TS7026: JSX element implicitly has type 'any' because no interface 'JSX.IntrinsicElements' exists.
components/campo/formulario-campo.tsx(603,19): error TS7026: JSX element implicitly has type 'any' because no interface 'JSX.IntrinsicElements' exists.
components/campo/formulario-campo.tsx(603,28): error TS7026: JSX element implicitly has type 'any' because no interface 'JSX.IntrinsicElements' exists.
components/campo/formulario-campo.tsx(604,19): error TS7026: JSX element implicitly has type 'any' because no interface 'JSX.IntrinsicElements' exists.
components/campo/formulario-campo.tsx(604,46): error TS7026: JSX element implicitly has type 'any' because no interface 'JSX.IntrinsicElements' exists.
components/campo/formulario-campo.tsx(605,17): error TS7026: JSX element implicitly has type 'any' because no interface 'JSX.IntrinsicElements' exists.
components/campo/formulario-campo.tsx(606,15): error TS7026: JSX element implicitly has type 'any' because no interface 'JSX.IntrinsicElements' exists.
components/campo/formulario-campo.tsx(607,15): error TS7026: JSX element implicitly has type 'any' because no interface 'JSX.IntrinsicElements' exists.
components/campo/formulario-campo.tsx(608,17): error TS7026: JSX element implicitly has type 'any' because no interface 'JSX.IntrinsicElements' exists.
components/campo/formulario-campo.tsx(611,30): error TS7006: Parameter 'e' implicitly has an 'any' type.
components/campo/formulario-campo.tsx(613,17): error TS7026: JSX element implicitly has type 'any' because no interface 'JSX.IntrinsicElements' exists.
components/campo/formulario-campo.tsx(616,17): error TS7026: JSX element implicitly has type 'any' because no interface 'JSX.IntrinsicElements' exists.
components/campo/formulario-campo.tsx(617,15): error TS7026: JSX element implicitly has type 'any' because no interface 'JSX.IntrinsicElements' exists.
components/campo/formulario-campo.tsx(618,15): error TS7026: JSX element implicitly has type 'any' because no interface 'JSX.IntrinsicElements' exists.
components/campo/formulario-campo.tsx(625,15): error TS7026: JSX element implicitly has type 'any' because no interface 'JSX.IntrinsicElements' exists.
components/campo/formulario-campo.tsx(628,9): error TS7026: JSX element implicitly has type 'any' because no interface 'JSX.IntrinsicElements' exists.
components/campo/formulario-campo.tsx(630,11): error TS7026: JSX element implicitly has type 'any' because no interface 'JSX.IntrinsicElements' exists.
components/campo/formulario-campo.tsx(635,15): error TS7026: JSX element implicitly has type 'any' because no interface 'JSX.IntrinsicElements' exists.
components/campo/formulario-campo.tsx(635,29): error TS7026: JSX element implicitly has type 'any' because no interface 'JSX.IntrinsicElements' exists.
components/campo/formulario-campo.tsx(637,11): error TS7026: JSX element implicitly has type 'any' because no interface 'JSX.IntrinsicElements' exists.
components/campo/formulario-campo.tsx(639,9): error TS7026: JSX element implicitly has type 'any' because no interface 'JSX.IntrinsicElements' exists.
components/campo/formulario-campo.tsx(668,9): error TS7026: JSX element implicitly has type 'any' because no interface 'JSX.IntrinsicElements' exists.
components/campo/formulario-campo.tsx(669,9): error TS7026: JSX element implicitly has type 'any' because no interface 'JSX.IntrinsicElements' exists.
components/campo/formulario-campo.tsx(671,9): error TS7026: JSX element implicitly has type 'any' because no interface 'JSX.IntrinsicElements' exists.
components/campo/formulario-campo.tsx(672,7): error TS7026: JSX element implicitly has type 'any' because no interface 'JSX.IntrinsicElements' exists.
components/campo/formulario-campo.tsx(673,5): error TS7026: JSX element implicitly has type 'any' because no interface 'JSX.IntrinsicElements' exists.
components/campo/pwa-controls.tsx(2,58): error TS2307: Cannot find module 'react' or its corresponding type declarations.
components/campo/pwa-controls.tsx(36,9): error TS2580: Cannot find name 'process'. Do you need to install type definitions for node? Try `npm i --save-dev @types/node`.
components/campo/pwa-controls.tsx(137,5): error TS7026: JSX element implicitly has type 'any' because no interface 'JSX.IntrinsicElements' exists.
components/campo/pwa-controls.tsx(137,5): error TS2875: This JSX tag requires the module path 'react/jsx-runtime' to exist, but none could be found. Make sure you have types for the appropriate package installed.
components/campo/pwa-controls.tsx(138,7): error TS7026: JSX element implicitly has type 'any' because no interface 'JSX.IntrinsicElements' exists.
components/campo/pwa-controls.tsx(140,7): error TS7026: JSX element implicitly has type 'any' because no interface 'JSX.IntrinsicElements' exists.
components/campo/pwa-controls.tsx(141,7): error TS7026: JSX element implicitly has type 'any' because no interface 'JSX.IntrinsicElements' exists.
components/campo/pwa-controls.tsx(143,7): error TS7026: JSX element implicitly has type 'any' because no interface 'JSX.IntrinsicElements' exists.
components/campo/pwa-controls.tsx(144,7): error TS7026: JSX element implicitly has type 'any' because no interface 'JSX.IntrinsicElements' exists.
components/campo/pwa-controls.tsx(183,7): error TS7026: JSX element implicitly has type 'any' because no interface 'JSX.IntrinsicElements' exists.
components/campo/pwa-controls.tsx(185,9): error TS7026: JSX element implicitly has type 'any' because no interface 'JSX.IntrinsicElements' exists.
components/campo/pwa-controls.tsx(188,9): error TS7026: JSX element implicitly has type 'any' because no interface 'JSX.IntrinsicElements' exists.
components/campo/pwa-controls.tsx(190,7): error TS7026: JSX element implicitly has type 'any' because no interface 'JSX.IntrinsicElements' exists.
components/campo/pwa-controls.tsx(194,7): error TS7026: JSX element implicitly has type 'any' because no interface 'JSX.IntrinsicElements' exists.
components/campo/pwa-controls.tsx(195,5): error TS7026: JSX element implicitly has type 'any' because no interface 'JSX.IntrinsicElements' exists.
components/charts/chart-card.tsx(2,21): error TS2307: Cannot find module 'next/dynamic' or its corresponding type declarations.
components/charts/chart-card.tsx(3,26): error TS2307: Cannot find module 'next-themes' or its corresponding type declarations.
components/charts/chart-card.tsx(4,65): error TS2307: Cannot find module 'react' or its corresponding type declarations.
components/charts/chart-card.tsx(5,34): error TS2307: Cannot find module 'echarts/core' or its corresponding type declarations.
components/charts/chart-card.tsx(17,5): error TS7026: JSX element implicitly has type 'any' because no interface 'JSX.IntrinsicElements' exists.
components/charts/chart-card.tsx(19,5): error TS7026: JSX element implicitly has type 'any' because no interface 'JSX.IntrinsicElements' exists.
components/charts/chart-card.tsx(112,5): error TS7026: JSX element implicitly has type 'any' because no interface 'JSX.IntrinsicElements' exists.
components/charts/chart-card.tsx(112,5): error TS2875: This JSX tag requires the module path 'react/jsx-runtime' to exist, but none could be found. Make sure you have types for the appropriate package installed.
components/charts/chart-card.tsx(114,9): error TS7026: JSX element implicitly has type 'any' because no interface 'JSX.IntrinsicElements' exists.
components/charts/chart-card.tsx(115,11): error TS7026: JSX element implicitly has type 'any' because no interface 'JSX.IntrinsicElements' exists.
components/charts/chart-card.tsx(117,11): error TS7026: JSX element implicitly has type 'any' because no interface 'JSX.IntrinsicElements' exists.
components/charts/chart-card.tsx(118,11): error TS7026: JSX element implicitly has type 'any' because no interface 'JSX.IntrinsicElements' exists.
components/charts/chart-card.tsx(120,11): error TS7026: JSX element implicitly has type 'any' because no interface 'JSX.IntrinsicElements' exists.
components/charts/chart-card.tsx(121,9): error TS7026: JSX element implicitly has type 'any' because no interface 'JSX.IntrinsicElements' exists.
components/charts/chart-card.tsx(122,9): error TS7026: JSX element implicitly has type 'any' because no interface 'JSX.IntrinsicElements' exists.
components/charts/chart-card.tsx(122,88): error TS7026: JSX element implicitly has type 'any' because no interface 'JSX.IntrinsicElements' exists.
components/charts/chart-card.tsx(123,9): error TS7026: JSX element implicitly has type 'any' because no interface 'JSX.IntrinsicElements' exists.
components/charts/chart-card.tsx(127,13): error TS7026: JSX element implicitly has type 'any' because no interface 'JSX.IntrinsicElements' exists.
components/charts/chart-card.tsx(129,9): error TS7026: JSX element implicitly has type 'any' because no interface 'JSX.IntrinsicElements' exists.
components/charts/chart-card.tsx(131,11): error TS7026: JSX element implicitly has type 'any' because no interface 'JSX.IntrinsicElements' exists.
components/charts/chart-card.tsx(133,11): error TS7026: JSX element implicitly has type 'any' because no interface 'JSX.IntrinsicElements' exists.
components/charts/chart-card.tsx(135,9): error TS7026: JSX element implicitly has type 'any' because no interface 'JSX.IntrinsicElements' exists.
components/charts/chart-card.tsx(164,11): error TS7026: JSX element implicitly has type 'any' because no interface 'JSX.IntrinsicElements' exists.
components/charts/chart-card.tsx(164,85): error TS7026: JSX element implicitly has type 'any' because no interface 'JSX.IntrinsicElements' exists.
components/charts/chart-card.tsx(165,9): error TS7026: JSX element implicitly has type 'any' because no interface 'JSX.IntrinsicElements' exists.
components/charts/chart-card.tsx(167,11): error TS7026: JSX element implicitly has type 'any' because no interface 'JSX.IntrinsicElements' exists.
components/charts/chart-card.tsx(169,11): error TS7026: JSX element implicitly has type 'any' because no interface 'JSX.IntrinsicElements' exists.
components/charts/chart-card.tsx(172,11): error TS7026: JSX element implicitly has type 'any' because no interface 'JSX.IntrinsicElements' exists.
components/charts/chart-card.tsx(179,13): error TS7026: JSX element implicitly has type 'any' because no interface 'JSX.IntrinsicElements' exists.
components/charts/chart-card.tsx(180,15): error TS7026: JSX element implicitly has type 'any' because no interface 'JSX.IntrinsicElements' exists.
components/charts/chart-card.tsx(182,15): error TS7026: JSX element implicitly has type 'any' because no interface 'JSX.IntrinsicElements' exists.
components/charts/chart-card.tsx(183,15): error TS7026: JSX element implicitly has type 'any' because no interface 'JSX.IntrinsicElements' exists.
components/charts/chart-card.tsx(184,17): error TS7026: JSX element implicitly has type 'any' because no interface 'JSX.IntrinsicElements' exists.
components/charts/chart-card.tsx(185,19): error TS7026: JSX element implicitly has type 'any' because no interface 'JSX.IntrinsicElements' exists.
components/charts/chart-card.tsx(185,32): error TS7026: JSX element implicitly has type 'any' because no interface 'JSX.IntrinsicElements' exists.
components/charts/chart-card.tsx(186,19): error TS7026: JSX element implicitly has type 'any' because no interface 'JSX.IntrinsicElements' exists.
components/charts/chart-card.tsx(186,28): error TS7026: JSX element implicitly has type 'any' because no interface 'JSX.IntrinsicElements' exists.
components/charts/chart-card.tsx(187,19): error TS7026: JSX element implicitly has type 'any' because no interface 'JSX.IntrinsicElements' exists.
components/charts/chart-card.tsx(187,28): error TS7026: JSX element implicitly has type 'any' because no interface 'JSX.IntrinsicElements' exists.
components/charts/chart-card.tsx(188,48): error TS7026: JSX element implicitly has type 'any' because no interface 'JSX.IntrinsicElements' exists.
components/charts/chart-card.tsx(188,63): error TS7026: JSX element implicitly has type 'any' because no interface 'JSX.IntrinsicElements' exists.
components/charts/chart-card.tsx(189,19): error TS7026: JSX element implicitly has type 'any' because no interface 'JSX.IntrinsicElements' exists.
components/charts/chart-card.tsx(189,30): error TS7026: JSX element implicitly has type 'any' because no interface 'JSX.IntrinsicElements' exists.
components/charts/chart-card.tsx(190,17): error TS7026: JSX element implicitly has type 'any' because no interface 'JSX.IntrinsicElements' exists.
components/charts/chart-card.tsx(191,15): error TS7026: JSX element implicitly has type 'any' because no interface 'JSX.IntrinsicElements' exists.
components/charts/chart-card.tsx(192,15): error TS7026: JSX element implicitly has type 'any' because no interface 'JSX.IntrinsicElements' exists.
components/charts/chart-card.tsx(194,19): error TS7026: JSX element implicitly has type 'any' because no interface 'JSX.IntrinsicElements' exists.
components/charts/chart-card.tsx(195,21): error TS7026: JSX element implicitly has type 'any' because no interface 'JSX.IntrinsicElements' exists.
components/charts/chart-card.tsx(197,25): error TS7026: JSX element implicitly has type 'any' because no interface 'JSX.IntrinsicElements' exists.
components/charts/chart-card.tsx(203,25): error TS7026: JSX element implicitly has type 'any' because no interface 'JSX.IntrinsicElements' exists.
components/charts/chart-card.tsx(207,21): error TS7026: JSX element implicitly has type 'any' because no interface 'JSX.IntrinsicElements' exists.
components/charts/chart-card.tsx(208,21): error TS7026: JSX element implicitly has type 'any' because no interface 'JSX.IntrinsicElements' exists.
components/charts/chart-card.tsx(208,41): error TS7026: JSX element implicitly has type 'any' because no interface 'JSX.IntrinsicElements' exists.
components/charts/chart-card.tsx(209,21): error TS7026: JSX element implicitly has type 'any' because no interface 'JSX.IntrinsicElements' exists.
components/charts/chart-card.tsx(217,21): error TS7026: JSX element implicitly has type 'any' because no interface 'JSX.IntrinsicElements' exists.
components/charts/chart-card.tsx(219,23): error TS7026: JSX element implicitly has type 'any' because no interface 'JSX.IntrinsicElements' exists.
components/charts/chart-card.tsx(219,71): error TS7026: JSX element implicitly has type 'any' because no interface 'JSX.IntrinsicElements' exists.
components/charts/chart-card.tsx(221,21): error TS7026: JSX element implicitly has type 'any' because no interface 'JSX.IntrinsicElements' exists.
components/charts/chart-card.tsx(221,43): error TS7026: JSX element implicitly has type 'any' because no interface 'JSX.IntrinsicElements' exists.
components/charts/chart-card.tsx(222,19): error TS7026: JSX element implicitly has type 'any' because no interface 'JSX.IntrinsicElements' exists.
components/charts/chart-card.tsx(224,15): error TS7026: JSX element implicitly has type 'any' because no interface 'JSX.IntrinsicElements' exists.
components/charts/chart-card.tsx(225,13): error TS7026: JSX element implicitly has type 'any' because no interface 'JSX.IntrinsicElements' exists.
components/charts/chart-card.tsx(226,11): error TS7026: JSX element implicitly has type 'any' because no interface 'JSX.IntrinsicElements' exists.
components/charts/chart-card.tsx(229,5): error TS7026: JSX element implicitly has type 'any' because no interface 'JSX.IntrinsicElements' exists.
components/charts/echart-view.tsx(2,57): error TS2307: Cannot find module 'react' or its corresponding type declarations.
components/charts/echart-view.tsx(3,26): error TS2307: Cannot find module 'next-themes' or its corresponding type declarations.
components/charts/echart-view.tsx(4,26): error TS2307: Cannot find module 'echarts/core' or its corresponding type declarations.
components/charts/echart-view.tsx(5,61): error TS2307: Cannot find module 'echarts/charts' or its corresponding type declarations.
components/charts/echart-view.tsx(15,8): error TS2307: Cannot find module 'echarts/components' or its corresponding type declarations.
components/charts/echart-view.tsx(16,32): error TS2307: Cannot find module 'echarts/renderers' or its corresponding type declarations.
components/charts/echart-view.tsx(17,34): error TS2307: Cannot find module 'echarts/core' or its corresponding type declarations.
components/charts/echart-view.tsx(91,5): error TS2875: This JSX tag requires the module path 'react/jsx-runtime' to exist, but none could be found. Make sure you have types for the appropriate package installed.
components/charts/echart-view.tsx(91,5): error TS7026: JSX element implicitly has type 'any' because no interface 'JSX.IntrinsicElements' exists.
components/events/source-chips.tsx(2,33): error TS2307: Cannot find module 'react' or its corresponding type declarations.
components/events/source-chips.tsx(16,5): error TS7026: JSX element implicitly has type 'any' because no interface 'JSX.IntrinsicElements' exists.
components/events/source-chips.tsx(21,7): error TS7026: JSX element implicitly has type 'any' because no interface 'JSX.IntrinsicElements' exists.
components/events/source-chips.tsx(28,21): error TS7006: Parameter 'e' implicitly has an 'any' type.
components/events/source-chips.tsx(34,7): error TS7026: JSX element implicitly has type 'any' because no interface 'JSX.IntrinsicElements' exists.
components/events/source-chips.tsx(36,9): error TS7026: JSX element implicitly has type 'any' because no interface 'JSX.IntrinsicElements' exists.
components/events/source-chips.tsx(42,11): error TS7026: JSX element implicitly has type 'any' because no interface 'JSX.IntrinsicElements' exists.
components/events/source-chips.tsx(44,11): error TS7026: JSX element implicitly has type 'any' because no interface 'JSX.IntrinsicElements' exists.
components/events/source-chips.tsx(45,11): error TS7026: JSX element implicitly has type 'any' because no interface 'JSX.IntrinsicElements' exists.
components/events/source-chips.tsx(45,70): error TS7026: JSX element implicitly has type 'any' because no interface 'JSX.IntrinsicElements' exists.
components/events/source-chips.tsx(46,9): error TS7026: JSX element implicitly has type 'any' because no interface 'JSX.IntrinsicElements' exists.
components/events/source-chips.tsx(48,5): error TS7026: JSX element implicitly has type 'any' because no interface 'JSX.IntrinsicElements' exists.
components/events/source-chips.tsx(59,5): error TS7026: JSX element implicitly has type 'any' because no interface 'JSX.IntrinsicElements' exists.
components/events/source-chips.tsx(59,5): error TS2875: This JSX tag requires the module path 'react/jsx-runtime' to exist, but none could be found. Make sure you have types for the appropriate package installed.
components/events/source-chips.tsx(61,21): error TS2322: Type '{ key: string; referencia: string; documentos: readonly DocumentoFuente[]; }' is not assignable to type '{ referencia: string; documentos: readonly DocumentoFuente[]; }'.
  Property 'key' does not exist on type '{ referencia: string; documentos: readonly DocumentoFuente[]; }'.
components/events/source-chips.tsx(64,9): error TS7026: JSX element implicitly has type 'any' because no interface 'JSX.IntrinsicElements' exists.
components/events/source-chips.tsx(64,73): error TS7026: JSX element implicitly has type 'any' because no interface 'JSX.IntrinsicElements' exists.
components/events/source-chips.tsx(66,5): error TS7026: JSX element implicitly has type 'any' because no interface 'JSX.IntrinsicElements' exists.
components/marketing/animated-number.tsx(2,35): error TS2307: Cannot find module 'react' or its corresponding type declarations.
components/marketing/animated-number.tsx(51,5): error TS7026: JSX element implicitly has type 'any' because no interface 'JSX.IntrinsicElements' exists.
components/marketing/animated-number.tsx(51,5): error TS2875: This JSX tag requires the module path 'react/jsx-runtime' to exist, but none could be found. Make sure you have types for the appropriate package installed.
components/marketing/animated-number.tsx(52,7): error TS7026: JSX element implicitly has type 'any' because no interface 'JSX.IntrinsicElements' exists.
components/marketing/animated-number.tsx(52,40): error TS7026: JSX element implicitly has type 'any' because no interface 'JSX.IntrinsicElements' exists.
components/marketing/animated-number.tsx(53,7): error TS7026: JSX element implicitly has type 'any' because no interface 'JSX.IntrinsicElements' exists.
components/marketing/animated-number.tsx(55,7): error TS7026: JSX element implicitly has type 'any' because no interface 'JSX.IntrinsicElements' exists.
components/marketing/animated-number.tsx(56,5): error TS7026: JSX element implicitly has type 'any' because no interface 'JSX.IntrinsicElements' exists.
components/marketing/browser-state.ts(2,38): error TS2307: Cannot find module 'react' or its corresponding type declarations.
components/marketing/cinematic-experience.tsx(2,21): error TS2307: Cannot find module 'next/dynamic' or its corresponding type declarations.
components/marketing/cinematic-experience.tsx(3,18): error TS2307: Cannot find module 'next/link' or its corresponding type declarations.
components/marketing/cinematic-experience.tsx(4,85): error TS2307: Cannot find module 'react' or its corresponding type declarations.
components/marketing/cinematic-experience.tsx(5,81): error TS2307: Cannot find module 'lucide-react' or its corresponding type declarations.
components/marketing/cinematic-experience.tsx(33,10): error TS2339: Property 'props' does not exist on type 'SceneBoundary'.
components/marketing/cinematic-experience.tsx(36,44): error TS2339: Property 'props' does not exist on type 'SceneBoundary'.
components/marketing/cinematic-experience.tsx(118,56): error TS7006: Parameter 's' implicitly has an 'any' type.
components/marketing/cinematic-experience.tsx(133,7): error TS7053: Element implicitly has an 'any' type because expression of type 'any' can't be used to index type 'Record<MotivoFallback3D, string>'.
components/marketing/cinematic-experience.tsx(144,20): error TS7006: Parameter 'c' implicitly has an 'any' type.
components/marketing/cinematic-experience.tsx(149,17): error TS7006: Parameter 'a' implicitly has an 'any' type.
components/marketing/cinematic-experience.tsx(159,5): error TS2875: This JSX tag requires the module path 'react/jsx-runtime' to exist, but none could be found. Make sure you have types for the appropriate package installed.
components/marketing/cinematic-experience.tsx(160,7): error TS7026: JSX element implicitly has type 'any' because no interface 'JSX.IntrinsicElements' exists.
components/marketing/cinematic-experience.tsx(168,9): error TS7026: JSX element implicitly has type 'any' because no interface 'JSX.IntrinsicElements' exists.
components/marketing/cinematic-experience.tsx(172,11): error TS7026: JSX element implicitly has type 'any' because no interface 'JSX.IntrinsicElements' exists.
components/marketing/cinematic-experience.tsx(173,13): error TS7026: JSX element implicitly has type 'any' because no interface 'JSX.IntrinsicElements' exists.
components/marketing/cinematic-experience.tsx(173,57): error TS7026: JSX element implicitly has type 'any' because no interface 'JSX.IntrinsicElements' exists.
components/marketing/cinematic-experience.tsx(174,13): error TS7026: JSX element implicitly has type 'any' because no interface 'JSX.IntrinsicElements' exists.
components/marketing/cinematic-experience.tsx(193,15): error TS7026: JSX element implicitly has type 'any' because no interface 'JSX.IntrinsicElements' exists.
components/marketing/cinematic-experience.tsx(201,15): error TS7026: JSX element implicitly has type 'any' because no interface 'JSX.IntrinsicElements' exists.
components/marketing/cinematic-experience.tsx(202,13): error TS7026: JSX element implicitly has type 'any' because no interface 'JSX.IntrinsicElements' exists.
components/marketing/cinematic-experience.tsx(206,11): error TS7026: JSX element implicitly has type 'any' because no interface 'JSX.IntrinsicElements' exists.
components/marketing/cinematic-experience.tsx(207,11): error TS7026: JSX element implicitly has type 'any' because no interface 'JSX.IntrinsicElements' exists.
components/marketing/cinematic-experience.tsx(210,27): error TS7053: Element implicitly has an 'any' type because expression of type 'any' can't be used to index type '{ alta: string; equilibrada: string; baja: string; }'.
components/marketing/cinematic-experience.tsx(213,11): error TS7026: JSX element implicitly has type 'any' because no interface 'JSX.IntrinsicElements' exists.
components/marketing/cinematic-experience.tsx(214,9): error TS7026: JSX element implicitly has type 'any' because no interface 'JSX.IntrinsicElements' exists.
components/marketing/cinematic-experience.tsx(215,9): error TS7026: JSX element implicitly has type 'any' because no interface 'JSX.IntrinsicElements' exists.
components/marketing/cinematic-experience.tsx(230,11): error TS7026: JSX element implicitly has type 'any' because no interface 'JSX.IntrinsicElements' exists.
components/marketing/cinematic-experience.tsx(231,9): error TS7026: JSX element implicitly has type 'any' because no interface 'JSX.IntrinsicElements' exists.
components/marketing/cinematic-experience.tsx(232,9): error TS7026: JSX element implicitly has type 'any' because no interface 'JSX.IntrinsicElements' exists.
components/marketing/cinematic-experience.tsx(233,11): error TS7026: JSX element implicitly has type 'any' because no interface 'JSX.IntrinsicElements' exists.
components/marketing/cinematic-experience.tsx(233,47): error TS7026: JSX element implicitly has type 'any' because no interface 'JSX.IntrinsicElements' exists.
components/marketing/cinematic-experience.tsx(234,9): error TS7026: JSX element implicitly has type 'any' because no interface 'JSX.IntrinsicElements' exists.
components/marketing/cinematic-experience.tsx(235,9): error TS7026: JSX element implicitly has type 'any' because no interface 'JSX.IntrinsicElements' exists.
components/marketing/cinematic-experience.tsx(236,11): error TS7026: JSX element implicitly has type 'any' because no interface 'JSX.IntrinsicElements' exists.
components/marketing/cinematic-experience.tsx(243,11): error TS7026: JSX element implicitly has type 'any' because no interface 'JSX.IntrinsicElements' exists.
components/marketing/cinematic-experience.tsx(244,11): error TS7026: JSX element implicitly has type 'any' because no interface 'JSX.IntrinsicElements' exists.
components/marketing/cinematic-experience.tsx(246,15): error TS7026: JSX element implicitly has type 'any' because no interface 'JSX.IntrinsicElements' exists.
components/marketing/cinematic-experience.tsx(253,17): error TS7026: JSX element implicitly has type 'any' because no interface 'JSX.IntrinsicElements' exists.
components/marketing/cinematic-experience.tsx(253,55): error TS7026: JSX element implicitly has type 'any' because no interface 'JSX.IntrinsicElements' exists.
components/marketing/cinematic-experience.tsx(254,15): error TS7026: JSX element implicitly has type 'any' because no interface 'JSX.IntrinsicElements' exists.
components/marketing/cinematic-experience.tsx(256,11): error TS7026: JSX element implicitly has type 'any' because no interface 'JSX.IntrinsicElements' exists.
components/marketing/cinematic-experience.tsx(257,11): error TS7026: JSX element implicitly has type 'any' because no interface 'JSX.IntrinsicElements' exists.
components/marketing/cinematic-experience.tsx(258,13): error TS7026: JSX element implicitly has type 'any' because no interface 'JSX.IntrinsicElements' exists.
components/marketing/cinematic-experience.tsx(258,54): error TS7026: JSX element implicitly has type 'any' because no interface 'JSX.IntrinsicElements' exists.
components/marketing/cinematic-experience.tsx(259,13): error TS7026: JSX element implicitly has type 'any' because no interface 'JSX.IntrinsicElements' exists.
components/marketing/cinematic-experience.tsx(262,26): error TS7006: Parameter 'e' implicitly has an 'any' type.
components/marketing/cinematic-experience.tsx(265,17): error TS7026: JSX element implicitly has type 'any' because no interface 'JSX.IntrinsicElements' exists.
components/marketing/cinematic-experience.tsx(267,17): error TS7026: JSX element implicitly has type 'any' because no interface 'JSX.IntrinsicElements' exists.
components/marketing/cinematic-experience.tsx(269,13): error TS7026: JSX element implicitly has type 'any' because no interface 'JSX.IntrinsicElements' exists.
components/marketing/cinematic-experience.tsx(270,11): error TS7026: JSX element implicitly has type 'any' because no interface 'JSX.IntrinsicElements' exists.
components/marketing/cinematic-experience.tsx(271,11): error TS7026: JSX element implicitly has type 'any' because no interface 'JSX.IntrinsicElements' exists.
components/marketing/cinematic-experience.tsx(278,11): error TS7026: JSX element implicitly has type 'any' because no interface 'JSX.IntrinsicElements' exists.
components/marketing/cinematic-experience.tsx(279,9): error TS7026: JSX element implicitly has type 'any' because no interface 'JSX.IntrinsicElements' exists.
components/marketing/cinematic-experience.tsx(280,9): error TS7026: JSX element implicitly has type 'any' because no interface 'JSX.IntrinsicElements' exists.
components/marketing/cinematic-experience.tsx(281,11): error TS7026: JSX element implicitly has type 'any' because no interface 'JSX.IntrinsicElements' exists.
components/marketing/cinematic-experience.tsx(281,22): error TS7026: JSX element implicitly has type 'any' because no interface 'JSX.IntrinsicElements' exists.
components/marketing/cinematic-experience.tsx(282,11): error TS7026: JSX element implicitly has type 'any' because no interface 'JSX.IntrinsicElements' exists.
components/marketing/cinematic-experience.tsx(287,11): error TS7026: JSX element implicitly has type 'any' because no interface 'JSX.IntrinsicElements' exists.
components/marketing/cinematic-experience.tsx(288,11): error TS7026: JSX element implicitly has type 'any' because no interface 'JSX.IntrinsicElements' exists.
components/marketing/cinematic-experience.tsx(290,11): error TS7026: JSX element implicitly has type 'any' because no interface 'JSX.IntrinsicElements' exists.
components/marketing/cinematic-experience.tsx(291,9): error TS7026: JSX element implicitly has type 'any' because no interface 'JSX.IntrinsicElements' exists.
components/marketing/cinematic-experience.tsx(292,7): error TS7026: JSX element implicitly has type 'any' because no interface 'JSX.IntrinsicElements' exists.
components/marketing/context-link.tsx(2,18): error TS2307: Cannot find module 'next/link' or its corresponding type declarations.
components/marketing/context-link.tsx(3,37): error TS2307: Cannot find module 'react' or its corresponding type declarations.
components/marketing/context-link.tsx(14,5): error TS2875: This JSX tag requires the module path 'react/jsx-runtime' to exist, but none could be found. Make sure you have types for the appropriate package installed.
components/marketing/context-link.tsx(18,17): error TS7006: Parameter 'event' implicitly has an 'any' type.
components/marketing/fallback-gallery.tsx(1,19): error TS2307: Cannot find module 'next/image' or its corresponding type declarations.
components/marketing/fallback-gallery.tsx(9,5): error TS7026: JSX element implicitly has type 'any' because no interface 'JSX.IntrinsicElements' exists.
components/marketing/fallback-gallery.tsx(9,5): error TS2875: This JSX tag requires the module path 'react/jsx-runtime' to exist, but none could be found. Make sure you have types for the appropriate package installed.
components/marketing/fallback-gallery.tsx(19,7): error TS7026: JSX element implicitly has type 'any' because no interface 'JSX.IntrinsicElements' exists.
components/marketing/fallback-gallery.tsx(25,9): error TS7026: JSX element implicitly has type 'any' because no interface 'JSX.IntrinsicElements' exists.
components/marketing/fallback-gallery.tsx(26,11): error TS7026: JSX element implicitly has type 'any' because no interface 'JSX.IntrinsicElements' exists.
components/marketing/fallback-gallery.tsx(27,13): error TS7026: JSX element implicitly has type 'any' because no interface 'JSX.IntrinsicElements' exists.
components/marketing/fallback-gallery.tsx(31,13): error TS7026: JSX element implicitly has type 'any' because no interface 'JSX.IntrinsicElements' exists.
components/marketing/fallback-gallery.tsx(32,11): error TS7026: JSX element implicitly has type 'any' because no interface 'JSX.IntrinsicElements' exists.
components/marketing/fallback-gallery.tsx(33,9): error TS7026: JSX element implicitly has type 'any' because no interface 'JSX.IntrinsicElements' exists.
components/marketing/fallback-gallery.tsx(34,9): error TS7026: JSX element implicitly has type 'any' because no interface 'JSX.IntrinsicElements' exists.
components/marketing/fallback-gallery.tsx(35,9): error TS7026: JSX element implicitly has type 'any' because no interface 'JSX.IntrinsicElements' exists.
components/marketing/fallback-gallery.tsx(37,11): error TS7026: JSX element implicitly has type 'any' because no interface 'JSX.IntrinsicElements' exists.
components/marketing/fallback-gallery.tsx(38,13): error TS7026: JSX element implicitly has type 'any' because no interface 'JSX.IntrinsicElements' exists.
components/marketing/fallback-gallery.tsx(40,15): error TS7026: JSX element implicitly has type 'any' because no interface 'JSX.IntrinsicElements' exists.
components/marketing/fallback-gallery.tsx(42,11): error TS7026: JSX element implicitly has type 'any' because no interface 'JSX.IntrinsicElements' exists.
components/marketing/fallback-gallery.tsx(45,11): error TS7026: JSX element implicitly has type 'any' because no interface 'JSX.IntrinsicElements' exists.
components/marketing/fallback-gallery.tsx(47,15): error TS7026: JSX element implicitly has type 'any' because no interface 'JSX.IntrinsicElements' exists.
components/marketing/fallback-gallery.tsx(55,11): error TS7026: JSX element implicitly has type 'any' because no interface 'JSX.IntrinsicElements' exists.
components/marketing/fallback-gallery.tsx(58,11): error TS7026: JSX element implicitly has type 'any' because no interface 'JSX.IntrinsicElements' exists.
components/marketing/fallback-gallery.tsx(63,17): error TS7026: JSX element implicitly has type 'any' because no interface 'JSX.IntrinsicElements' exists.
components/marketing/fallback-gallery.tsx(67,19): error TS7026: JSX element implicitly has type 'any' because no interface 'JSX.IntrinsicElements' exists.
components/marketing/fallback-gallery.tsx(74,19): error TS7026: JSX element implicitly has type 'any' because no interface 'JSX.IntrinsicElements' exists.
components/marketing/fallback-gallery.tsx(76,19): error TS7026: JSX element implicitly has type 'any' because no interface 'JSX.IntrinsicElements' exists.
components/marketing/fallback-gallery.tsx(77,19): error TS7026: JSX element implicitly has type 'any' because no interface 'JSX.IntrinsicElements' exists.
components/marketing/fallback-gallery.tsx(79,19): error TS7026: JSX element implicitly has type 'any' because no interface 'JSX.IntrinsicElements' exists.
components/marketing/fallback-gallery.tsx(80,17): error TS7026: JSX element implicitly has type 'any' because no interface 'JSX.IntrinsicElements' exists.
components/marketing/fallback-gallery.tsx(83,11): error TS7026: JSX element implicitly has type 'any' because no interface 'JSX.IntrinsicElements' exists.
components/marketing/fallback-gallery.tsx(86,11): error TS7026: JSX element implicitly has type 'any' because no interface 'JSX.IntrinsicElements' exists.
components/marketing/fallback-gallery.tsx(92,15): error TS7026: JSX element implicitly has type 'any' because no interface 'JSX.IntrinsicElements' exists.
components/marketing/fallback-gallery.tsx(93,17): error TS7026: JSX element implicitly has type 'any' because no interface 'JSX.IntrinsicElements' exists.
components/marketing/fallback-gallery.tsx(101,17): error TS7026: JSX element implicitly has type 'any' because no interface 'JSX.IntrinsicElements' exists.
components/marketing/fallback-gallery.tsx(103,17): error TS7026: JSX element implicitly has type 'any' because no interface 'JSX.IntrinsicElements' exists.
components/marketing/fallback-gallery.tsx(104,17): error TS7026: JSX element implicitly has type 'any' because no interface 'JSX.IntrinsicElements' exists.
components/marketing/fallback-gallery.tsx(106,17): error TS7026: JSX element implicitly has type 'any' because no interface 'JSX.IntrinsicElements' exists.
components/marketing/fallback-gallery.tsx(107,15): error TS7026: JSX element implicitly has type 'any' because no interface 'JSX.IntrinsicElements' exists.
components/marketing/fallback-gallery.tsx(109,11): error TS7026: JSX element implicitly has type 'any' because no interface 'JSX.IntrinsicElements' exists.
components/marketing/fallback-gallery.tsx(112,11): error TS7026: JSX element implicitly has type 'any' because no interface 'JSX.IntrinsicElements' exists.
components/marketing/fallback-gallery.tsx(114,15): error TS7026: JSX element implicitly has type 'any' because no interface 'JSX.IntrinsicElements' exists.
components/marketing/fallback-gallery.tsx(118,17): error TS7026: JSX element implicitly has type 'any' because no interface 'JSX.IntrinsicElements' exists.
components/marketing/fallback-gallery.tsx(119,17): error TS7026: JSX element implicitly has type 'any' because no interface 'JSX.IntrinsicElements' exists.
components/marketing/fallback-gallery.tsx(120,17): error TS7026: JSX element implicitly has type 'any' because no interface 'JSX.IntrinsicElements' exists.
components/marketing/fallback-gallery.tsx(121,15): error TS7026: JSX element implicitly has type 'any' because no interface 'JSX.IntrinsicElements' exists.
components/marketing/fallback-gallery.tsx(123,11): error TS7026: JSX element implicitly has type 'any' because no interface 'JSX.IntrinsicElements' exists.
components/marketing/fallback-gallery.tsx(126,11): error TS7026: JSX element implicitly has type 'any' because no interface 'JSX.IntrinsicElements' exists.
components/marketing/fallback-gallery.tsx(128,15): error TS7026: JSX element implicitly has type 'any' because no interface 'JSX.IntrinsicElements' exists.
components/marketing/fallback-gallery.tsx(140,11): error TS7026: JSX element implicitly has type 'any' because no interface 'JSX.IntrinsicElements' exists.
components/marketing/fallback-gallery.tsx(143,11): error TS7026: JSX element implicitly has type 'any' because no interface 'JSX.IntrinsicElements' exists.
components/marketing/fallback-gallery.tsx(145,15): error TS7026: JSX element implicitly has type 'any' because no interface 'JSX.IntrinsicElements' exists.
components/marketing/fallback-gallery.tsx(149,17): error TS7026: JSX element implicitly has type 'any' because no interface 'JSX.IntrinsicElements' exists.
components/marketing/fallback-gallery.tsx(150,17): error TS7026: JSX element implicitly has type 'any' because no interface 'JSX.IntrinsicElements' exists.
components/marketing/fallback-gallery.tsx(152,17): error TS7026: JSX element implicitly has type 'any' because no interface 'JSX.IntrinsicElements' exists.
components/marketing/fallback-gallery.tsx(153,17): error TS7026: JSX element implicitly has type 'any' because no interface 'JSX.IntrinsicElements' exists.
components/marketing/fallback-gallery.tsx(155,17): error TS7026: JSX element implicitly has type 'any' because no interface 'JSX.IntrinsicElements' exists.
components/marketing/fallback-gallery.tsx(156,15): error TS7026: JSX element implicitly has type 'any' because no interface 'JSX.IntrinsicElements' exists.
components/marketing/fallback-gallery.tsx(158,11): error TS7026: JSX element implicitly has type 'any' because no interface 'JSX.IntrinsicElements' exists.
components/marketing/fallback-gallery.tsx(161,11): error TS7026: JSX element implicitly has type 'any' because no interface 'JSX.IntrinsicElements' exists.
components/marketing/fallback-gallery.tsx(164,17): error TS7026: JSX element implicitly has type 'any' because no interface 'JSX.IntrinsicElements' exists.
components/marketing/fallback-gallery.tsx(166,11): error TS7026: JSX element implicitly has type 'any' because no interface 'JSX.IntrinsicElements' exists.
components/marketing/fallback-gallery.tsx(168,7): error TS7026: JSX element implicitly has type 'any' because no interface 'JSX.IntrinsicElements' exists.
components/marketing/fallback-gallery.tsx(169,5): error TS7026: JSX element implicitly has type 'any' because no interface 'JSX.IntrinsicElements' exists.
components/marketing/motion-context.tsx(2,43): error TS2307: Cannot find module 'react' or its corresponding type declarations.
components/marketing/story.tsx(11,8): error TS2307: Cannot find module 'lucide-react' or its corresponding type declarations.
components/marketing/story.tsx(12,32): error TS2307: Cannot find module 'react' or its corresponding type declarations.
components/marketing/story.tsx(32,5): error TS7026: JSX element implicitly has type 'any' because no interface 'JSX.IntrinsicElements' exists.
components/marketing/story.tsx(32,5): error TS2875: This JSX tag requires the module path 'react/jsx-runtime' to exist, but none could be found. Make sure you have types for the appropriate package installed.
components/marketing/story.tsx(39,7): error TS7026: JSX element implicitly has type 'any' because no interface 'JSX.IntrinsicElements' exists.
components/marketing/story.tsx(40,9): error TS7026: JSX element implicitly has type 'any' because no interface 'JSX.IntrinsicElements' exists.
components/marketing/story.tsx(41,11): error TS7026: JSX element implicitly has type 'any' because no interface 'JSX.IntrinsicElements' exists.
components/marketing/story.tsx(43,11): error TS7026: JSX element implicitly has type 'any' because no interface 'JSX.IntrinsicElements' exists.
components/marketing/story.tsx(45,9): error TS7026: JSX element implicitly has type 'any' because no interface 'JSX.IntrinsicElements' exists.
components/marketing/story.tsx(47,7): error TS7026: JSX element implicitly has type 'any' because no interface 'JSX.IntrinsicElements' exists.
components/marketing/story.tsx(48,5): error TS7026: JSX element implicitly has type 'any' because no interface 'JSX.IntrinsicElements' exists.
components/marketing/story.tsx(65,9): error TS7026: JSX element implicitly has type 'any' because no interface 'JSX.IntrinsicElements' exists.
components/marketing/story.tsx(65,65): error TS7026: JSX element implicitly has type 'any' because no interface 'JSX.IntrinsicElements' exists.
components/marketing/story.tsx(66,9): error TS7026: JSX element implicitly has type 'any' because no interface 'JSX.IntrinsicElements' exists.
components/marketing/story.tsx(68,11): error TS7026: JSX element implicitly has type 'any' because no interface 'JSX.IntrinsicElements' exists.
components/marketing/story.tsx(70,11): error TS7026: JSX element implicitly has type 'any' because no interface 'JSX.IntrinsicElements' exists.
components/marketing/story.tsx(71,11): error TS7026: JSX element implicitly has type 'any' because no interface 'JSX.IntrinsicElements' exists.
components/marketing/story.tsx(71,29): error TS7026: JSX element implicitly has type 'any' because no interface 'JSX.IntrinsicElements' exists.
components/marketing/story.tsx(72,9): error TS7026: JSX element implicitly has type 'any' because no interface 'JSX.IntrinsicElements' exists.
components/marketing/story.tsx(73,9): error TS7026: JSX element implicitly has type 'any' because no interface 'JSX.IntrinsicElements' exists.
components/marketing/story.tsx(76,9): error TS7026: JSX element implicitly has type 'any' because no interface 'JSX.IntrinsicElements' exists.
components/marketing/story.tsx(77,9): error TS7026: JSX element implicitly has type 'any' because no interface 'JSX.IntrinsicElements' exists.
components/marketing/story.tsx(77,51): error TS7026: JSX element implicitly has type 'any' because no interface 'JSX.IntrinsicElements' exists.
components/marketing/story.tsx(78,9): error TS7026: JSX element implicitly has type 'any' because no interface 'JSX.IntrinsicElements' exists.
components/marketing/story.tsx(79,11): error TS7026: JSX element implicitly has type 'any' because no interface 'JSX.IntrinsicElements' exists.
components/marketing/story.tsx(81,11): error TS7026: JSX element implicitly has type 'any' because no interface 'JSX.IntrinsicElements' exists.
components/marketing/story.tsx(85,9): error TS7026: JSX element implicitly has type 'any' because no interface 'JSX.IntrinsicElements' exists.
components/marketing/story.tsx(86,9): error TS7026: JSX element implicitly has type 'any' because no interface 'JSX.IntrinsicElements' exists.
components/marketing/story.tsx(88,9): error TS7026: JSX element implicitly has type 'any' because no interface 'JSX.IntrinsicElements' exists.
components/marketing/story.tsx(92,9): error TS7026: JSX element implicitly has type 'any' because no interface 'JSX.IntrinsicElements' exists.
components/marketing/story.tsx(94,11): error TS7026: JSX element implicitly has type 'any' because no interface 'JSX.IntrinsicElements' exists.
components/marketing/story.tsx(96,9): error TS7026: JSX element implicitly has type 'any' because no interface 'JSX.IntrinsicElements' exists.
components/marketing/story.tsx(97,9): error TS7026: JSX element implicitly has type 'any' because no interface 'JSX.IntrinsicElements' exists.
components/marketing/story.tsx(99,9): error TS7026: JSX element implicitly has type 'any' because no interface 'JSX.IntrinsicElements' exists.
components/marketing/story.tsx(100,9): error TS7026: JSX element implicitly has type 'any' because no interface 'JSX.IntrinsicElements' exists.
components/marketing/story.tsx(102,9): error TS7026: JSX element implicitly has type 'any' because no interface 'JSX.IntrinsicElements' exists.
components/marketing/story.tsx(103,9): error TS7026: JSX element implicitly has type 'any' because no interface 'JSX.IntrinsicElements' exists.
components/marketing/story.tsx(106,9): error TS7026: JSX element implicitly has type 'any' because no interface 'JSX.IntrinsicElements' exists.
components/marketing/story.tsx(107,9): error TS7026: JSX element implicitly has type 'any' because no interface 'JSX.IntrinsicElements' exists.
components/marketing/story.tsx(108,11): error TS7026: JSX element implicitly has type 'any' because no interface 'JSX.IntrinsicElements' exists.
components/marketing/story.tsx(111,9): error TS7026: JSX element implicitly has type 'any' because no interface 'JSX.IntrinsicElements' exists.
components/marketing/story.tsx(112,9): error TS7026: JSX element implicitly has type 'any' because no interface 'JSX.IntrinsicElements' exists.
components/marketing/story.tsx(115,9): error TS7026: JSX element implicitly has type 'any' because no interface 'JSX.IntrinsicElements' exists.
components/marketing/story.tsx(119,9): error TS7026: JSX element implicitly has type 'any' because no interface 'JSX.IntrinsicElements' exists.
components/marketing/story.tsx(121,11): error TS7026: JSX element implicitly has type 'any' because no interface 'JSX.IntrinsicElements' exists.
components/marketing/story.tsx(123,9): error TS7026: JSX element implicitly has type 'any' because no interface 'JSX.IntrinsicElements' exists.
components/marketing/story.tsx(124,9): error TS7026: JSX element implicitly has type 'any' because no interface 'JSX.IntrinsicElements' exists.
components/marketing/story.tsx(126,11): error TS7026: JSX element implicitly has type 'any' because no interface 'JSX.IntrinsicElements' exists.
components/marketing/story.tsx(128,13): error TS7026: JSX element implicitly has type 'any' because no interface 'JSX.IntrinsicElements' exists.
components/marketing/story.tsx(130,11): error TS7026: JSX element implicitly has type 'any' because no interface 'JSX.IntrinsicElements' exists.
components/marketing/story.tsx(131,9): error TS7026: JSX element implicitly has type 'any' because no interface 'JSX.IntrinsicElements' exists.
components/marketing/story.tsx(132,9): error TS7026: JSX element implicitly has type 'any' because no interface 'JSX.IntrinsicElements' exists.
components/marketing/story.tsx(134,13): error TS7026: JSX element implicitly has type 'any' because no interface 'JSX.IntrinsicElements' exists.
components/marketing/story.tsx(135,15): error TS7026: JSX element implicitly has type 'any' because no interface 'JSX.IntrinsicElements' exists.
components/marketing/story.tsx(135,65): error TS7026: JSX element implicitly has type 'any' because no interface 'JSX.IntrinsicElements' exists.
components/marketing/story.tsx(136,15): error TS7026: JSX element implicitly has type 'any' because no interface 'JSX.IntrinsicElements' exists.
components/marketing/story.tsx(136,35): error TS7026: JSX element implicitly has type 'any' because no interface 'JSX.IntrinsicElements' exists.
components/marketing/story.tsx(137,15): error TS7026: JSX element implicitly has type 'any' because no interface 'JSX.IntrinsicElements' exists.
components/marketing/story.tsx(139,17): error TS7026: JSX element implicitly has type 'any' because no interface 'JSX.IntrinsicElements' exists.
components/marketing/story.tsx(139,33): error TS7026: JSX element implicitly has type 'any' because no interface 'JSX.IntrinsicElements' exists.
components/marketing/story.tsx(140,15): error TS7026: JSX element implicitly has type 'any' because no interface 'JSX.IntrinsicElements' exists.
components/marketing/story.tsx(141,13): error TS7026: JSX element implicitly has type 'any' because no interface 'JSX.IntrinsicElements' exists.
components/marketing/story.tsx(143,9): error TS7026: JSX element implicitly has type 'any' because no interface 'JSX.IntrinsicElements' exists.
components/marketing/story.tsx(144,9): error TS7026: JSX element implicitly has type 'any' because no interface 'JSX.IntrinsicElements' exists.
components/marketing/story.tsx(145,11): error TS7026: JSX element implicitly has type 'any' because no interface 'JSX.IntrinsicElements' exists.
components/marketing/story.tsx(145,56): error TS7026: JSX element implicitly has type 'any' because no interface 'JSX.IntrinsicElements' exists.
components/marketing/story.tsx(146,11): error TS7026: JSX element implicitly has type 'any' because no interface 'JSX.IntrinsicElements' exists.
components/marketing/story.tsx(148,15): error TS7026: JSX element implicitly has type 'any' because no interface 'JSX.IntrinsicElements' exists.
components/marketing/story.tsx(149,17): error TS7026: JSX element implicitly has type 'any' because no interface 'JSX.IntrinsicElements' exists.
components/marketing/story.tsx(151,17): error TS7026: JSX element implicitly has type 'any' because no interface 'JSX.IntrinsicElements' exists.
components/marketing/story.tsx(152,17): error TS7026: JSX element implicitly has type 'any' because no interface 'JSX.IntrinsicElements' exists.
components/marketing/story.tsx(152,50): error TS7026: JSX element implicitly has type 'any' because no interface 'JSX.IntrinsicElements' exists.
components/marketing/story.tsx(153,15): error TS7026: JSX element implicitly has type 'any' because no interface 'JSX.IntrinsicElements' exists.
components/marketing/story.tsx(155,11): error TS7026: JSX element implicitly has type 'any' because no interface 'JSX.IntrinsicElements' exists.
components/marketing/story.tsx(156,9): error TS7026: JSX element implicitly has type 'any' because no interface 'JSX.IntrinsicElements' exists.
components/marketing/story.tsx(157,9): error TS7026: JSX element implicitly has type 'any' because no interface 'JSX.IntrinsicElements' exists.
components/marketing/story.tsx(160,9): error TS7026: JSX element implicitly has type 'any' because no interface 'JSX.IntrinsicElements' exists.
components/marketing/story.tsx(164,9): error TS7026: JSX element implicitly has type 'any' because no interface 'JSX.IntrinsicElements' exists.
components/marketing/story.tsx(166,9): error TS7026: JSX element implicitly has type 'any' because no interface 'JSX.IntrinsicElements' exists.
components/marketing/story.tsx(167,9): error TS7026: JSX element implicitly has type 'any' because no interface 'JSX.IntrinsicElements' exists.
components/marketing/story.tsx(169,11): error TS7026: JSX element implicitly has type 'any' because no interface 'JSX.IntrinsicElements' exists.
components/marketing/story.tsx(171,9): error TS7026: JSX element implicitly has type 'any' because no interface 'JSX.IntrinsicElements' exists.
components/marketing/story.tsx(172,9): error TS7026: JSX element implicitly has type 'any' because no interface 'JSX.IntrinsicElements' exists.
components/marketing/story.tsx(173,11): error TS7026: JSX element implicitly has type 'any' because no interface 'JSX.IntrinsicElements' exists.
components/marketing/story.tsx(174,13): error TS7026: JSX element implicitly has type 'any' because no interface 'JSX.IntrinsicElements' exists.
components/marketing/story.tsx(174,19): error TS7026: JSX element implicitly has type 'any' because no interface 'JSX.IntrinsicElements' exists.
components/marketing/story.tsx(175,13): error TS7026: JSX element implicitly has type 'any' because no interface 'JSX.IntrinsicElements' exists.
components/marketing/story.tsx(177,13): error TS7026: JSX element implicitly has type 'any' because no interface 'JSX.IntrinsicElements' exists.
components/marketing/story.tsx(178,13): error TS7026: JSX element implicitly has type 'any' because no interface 'JSX.IntrinsicElements' exists.
components/marketing/story.tsx(178,39): error TS7026: JSX element implicitly has type 'any' because no interface 'JSX.IntrinsicElements' exists.
components/marketing/story.tsx(179,11): error TS7026: JSX element implicitly has type 'any' because no interface 'JSX.IntrinsicElements' exists.
components/marketing/story.tsx(180,11): error TS7026: JSX element implicitly has type 'any' because no interface 'JSX.IntrinsicElements' exists.
components/marketing/story.tsx(181,13): error TS7026: JSX element implicitly has type 'any' because no interface 'JSX.IntrinsicElements' exists.
components/marketing/story.tsx(181,19): error TS7026: JSX element implicitly has type 'any' because no interface 'JSX.IntrinsicElements' exists.
components/marketing/story.tsx(182,13): error TS7026: JSX element implicitly has type 'any' because no interface 'JSX.IntrinsicElements' exists.
components/marketing/story.tsx(184,13): error TS7026: JSX element implicitly has type 'any' because no interface 'JSX.IntrinsicElements' exists.
components/marketing/story.tsx(185,13): error TS7026: JSX element implicitly has type 'any' because no interface 'JSX.IntrinsicElements' exists.
components/marketing/story.tsx(185,38): error TS7026: JSX element implicitly has type 'any' because no interface 'JSX.IntrinsicElements' exists.
components/marketing/story.tsx(186,11): error TS7026: JSX element implicitly has type 'any' because no interface 'JSX.IntrinsicElements' exists.
components/marketing/story.tsx(187,11): error TS7026: JSX element implicitly has type 'any' because no interface 'JSX.IntrinsicElements' exists.
components/marketing/story.tsx(188,13): error TS7026: JSX element implicitly has type 'any' because no interface 'JSX.IntrinsicElements' exists.
components/marketing/story.tsx(188,19): error TS7026: JSX element implicitly has type 'any' because no interface 'JSX.IntrinsicElements' exists.
components/marketing/story.tsx(189,13): error TS7026: JSX element implicitly has type 'any' because no interface 'JSX.IntrinsicElements' exists.
components/marketing/story.tsx(191,13): error TS7026: JSX element implicitly has type 'any' because no interface 'JSX.IntrinsicElements' exists.
components/marketing/story.tsx(192,13): error TS7026: JSX element implicitly has type 'any' because no interface 'JSX.IntrinsicElements' exists.
components/marketing/story.tsx(192,45): error TS7026: JSX element implicitly has type 'any' because no interface 'JSX.IntrinsicElements' exists.
components/marketing/story.tsx(193,11): error TS7026: JSX element implicitly has type 'any' because no interface 'JSX.IntrinsicElements' exists.
components/marketing/story.tsx(194,9): error TS7026: JSX element implicitly has type 'any' because no interface 'JSX.IntrinsicElements' exists.
components/marketing/story.tsx(195,9): error TS7026: JSX element implicitly has type 'any' because no interface 'JSX.IntrinsicElements' exists.
components/marketing/story.tsx(197,9): error TS7026: JSX element implicitly has type 'any' because no interface 'JSX.IntrinsicElements' exists.
components/marketing/story.tsx(198,9): error TS7026: JSX element implicitly has type 'any' because no interface 'JSX.IntrinsicElements' exists.
components/marketing/story.tsx(199,11): error TS7026: JSX element implicitly has type 'any' because no interface 'JSX.IntrinsicElements' exists.
components/marketing/story.tsx(199,62): error TS7026: JSX element implicitly has type 'any' because no interface 'JSX.IntrinsicElements' exists.
components/marketing/story.tsx(200,11): error TS7026: JSX element implicitly has type 'any' because no interface 'JSX.IntrinsicElements' exists.
components/marketing/story.tsx(201,13): error TS7026: JSX element implicitly has type 'any' because no interface 'JSX.IntrinsicElements' exists.
components/marketing/story.tsx(201,28): error TS7026: JSX element implicitly has type 'any' because no interface 'JSX.IntrinsicElements' exists.
components/marketing/story.tsx(202,13): error TS7026: JSX element implicitly has type 'any' because no interface 'JSX.IntrinsicElements' exists.
components/marketing/story.tsx(202,53): error TS7026: JSX element implicitly has type 'any' because no interface 'JSX.IntrinsicElements' exists.
components/marketing/story.tsx(203,13): error TS7026: JSX element implicitly has type 'any' because no interface 'JSX.IntrinsicElements' exists.
components/marketing/story.tsx(203,28): error TS7026: JSX element implicitly has type 'any' because no interface 'JSX.IntrinsicElements' exists.
components/marketing/story.tsx(204,13): error TS7026: JSX element implicitly has type 'any' because no interface 'JSX.IntrinsicElements' exists.
components/marketing/story.tsx(204,53): error TS7026: JSX element implicitly has type 'any' because no interface 'JSX.IntrinsicElements' exists.
components/marketing/story.tsx(205,13): error TS7026: JSX element implicitly has type 'any' because no interface 'JSX.IntrinsicElements' exists.
components/marketing/story.tsx(205,28): error TS7026: JSX element implicitly has type 'any' because no interface 'JSX.IntrinsicElements' exists.
components/marketing/story.tsx(206,13): error TS7026: JSX element implicitly has type 'any' because no interface 'JSX.IntrinsicElements' exists.
components/marketing/story.tsx(206,53): error TS7026: JSX element implicitly has type 'any' because no interface 'JSX.IntrinsicElements' exists.
components/marketing/story.tsx(207,13): error TS7026: JSX element implicitly has type 'any' because no interface 'JSX.IntrinsicElements' exists.
components/marketing/story.tsx(207,23): error TS7026: JSX element implicitly has type 'any' because no interface 'JSX.IntrinsicElements' exists.
components/marketing/story.tsx(208,13): error TS7026: JSX element implicitly has type 'any' because no interface 'JSX.IntrinsicElements' exists.
components/marketing/story.tsx(213,13): error TS7026: JSX element implicitly has type 'any' because no interface 'JSX.IntrinsicElements' exists.
components/marketing/story.tsx(214,11): error TS7026: JSX element implicitly has type 'any' because no interface 'JSX.IntrinsicElements' exists.
components/marketing/story.tsx(215,9): error TS7026: JSX element implicitly has type 'any' because no interface 'JSX.IntrinsicElements' exists.
components/marketing/story.tsx(216,9): error TS7026: JSX element implicitly has type 'any' because no interface 'JSX.IntrinsicElements' exists.
components/marketing/story.tsx(216,55): error TS7026: JSX element implicitly has type 'any' because no interface 'JSX.IntrinsicElements' exists.
components/marketing/story.tsx(220,9): error TS7026: JSX element implicitly has type 'any' because no interface 'JSX.IntrinsicElements' exists.
components/marketing/story.tsx(222,11): error TS7026: JSX element implicitly has type 'any' because no interface 'JSX.IntrinsicElements' exists.
components/marketing/story.tsx(224,9): error TS7026: JSX element implicitly has type 'any' because no interface 'JSX.IntrinsicElements' exists.
components/marketing/story.tsx(225,9): error TS7026: JSX element implicitly has type 'any' because no interface 'JSX.IntrinsicElements' exists.
components/marketing/story.tsx(227,9): error TS7026: JSX element implicitly has type 'any' because no interface 'JSX.IntrinsicElements' exists.
components/marketing/story.tsx(228,9): error TS7026: JSX element implicitly has type 'any' because no interface 'JSX.IntrinsicElements' exists.
components/marketing/story.tsx(228,77): error TS7026: JSX element implicitly has type 'any' because no interface 'JSX.IntrinsicElements' exists.
components/marketing/story.tsx(229,9): error TS7026: JSX element implicitly has type 'any' because no interface 'JSX.IntrinsicElements' exists.
components/marketing/story.tsx(232,9): error TS7026: JSX element implicitly has type 'any' because no interface 'JSX.IntrinsicElements' exists.
components/marketing/story.tsx(233,9): error TS7026: JSX element implicitly has type 'any' because no interface 'JSX.IntrinsicElements' exists.
components/marketing/story.tsx(236,9): error TS7026: JSX element implicitly has type 'any' because no interface 'JSX.IntrinsicElements' exists.
components/marketing/story.tsx(237,9): error TS7026: JSX element implicitly has type 'any' because no interface 'JSX.IntrinsicElements' exists.
components/marketing/story.tsx(240,9): error TS7026: JSX element implicitly has type 'any' because no interface 'JSX.IntrinsicElements' exists.
components/marketing/story.tsx(244,9): error TS7026: JSX element implicitly has type 'any' because no interface 'JSX.IntrinsicElements' exists.
components/marketing/story.tsx(246,11): error TS7026: JSX element implicitly has type 'any' because no interface 'JSX.IntrinsicElements' exists.
components/marketing/story.tsx(247,11): error TS7026: JSX element implicitly has type 'any' because no interface 'JSX.IntrinsicElements' exists.
components/marketing/story.tsx(247,25): error TS7026: JSX element implicitly has type 'any' because no interface 'JSX.IntrinsicElements' exists.
components/marketing/story.tsx(248,9): error TS7026: JSX element implicitly has type 'any' because no interface 'JSX.IntrinsicElements' exists.
components/marketing/story.tsx(249,9): error TS7026: JSX element implicitly has type 'any' because no interface 'JSX.IntrinsicElements' exists.
components/marketing/story.tsx(250,11): error TS7026: JSX element implicitly has type 'any' because no interface 'JSX.IntrinsicElements' exists.
components/marketing/story.tsx(251,13): error TS7026: JSX element implicitly has type 'any' because no interface 'JSX.IntrinsicElements' exists.
components/marketing/story.tsx(253,13): error TS7026: JSX element implicitly has type 'any' because no interface 'JSX.IntrinsicElements' exists.
components/marketing/story.tsx(254,13): error TS7026: JSX element implicitly has type 'any' because no interface 'JSX.IntrinsicElements' exists.
components/marketing/story.tsx(256,15): error TS7026: JSX element implicitly has type 'any' because no interface 'JSX.IntrinsicElements' exists.
components/marketing/story.tsx(258,13): error TS7026: JSX element implicitly has type 'any' because no interface 'JSX.IntrinsicElements' exists.
components/marketing/story.tsx(259,13): error TS7026: JSX element implicitly has type 'any' because no interface 'JSX.IntrinsicElements' exists.
components/marketing/story.tsx(261,13): error TS7026: JSX element implicitly has type 'any' because no interface 'JSX.IntrinsicElements' exists.
components/marketing/story.tsx(262,11): error TS7026: JSX element implicitly has type 'any' because no interface 'JSX.IntrinsicElements' exists.
components/marketing/story.tsx(263,11): error TS7026: JSX element implicitly has type 'any' because no interface 'JSX.IntrinsicElements' exists.
components/marketing/story.tsx(264,13): error TS7026: JSX element implicitly has type 'any' because no interface 'JSX.IntrinsicElements' exists.
components/marketing/story.tsx(266,13): error TS7026: JSX element implicitly has type 'any' because no interface 'JSX.IntrinsicElements' exists.
components/marketing/story.tsx(267,13): error TS7026: JSX element implicitly has type 'any' because no interface 'JSX.IntrinsicElements' exists.
components/marketing/story.tsx(269,15): error TS7026: JSX element implicitly has type 'any' because no interface 'JSX.IntrinsicElements' exists.
components/marketing/story.tsx(271,13): error TS7026: JSX element implicitly has type 'any' because no interface 'JSX.IntrinsicElements' exists.
components/marketing/story.tsx(272,13): error TS7026: JSX element implicitly has type 'any' because no interface 'JSX.IntrinsicElements' exists.
components/marketing/story.tsx(274,13): error TS7026: JSX element implicitly has type 'any' because no interface 'JSX.IntrinsicElements' exists.
components/marketing/story.tsx(275,11): error TS7026: JSX element implicitly has type 'any' because no interface 'JSX.IntrinsicElements' exists.
components/marketing/story.tsx(276,9): error TS7026: JSX element implicitly has type 'any' because no interface 'JSX.IntrinsicElements' exists.
components/marketing/story.tsx(277,9): error TS7026: JSX element implicitly has type 'any' because no interface 'JSX.IntrinsicElements' exists.
components/marketing/story.tsx(279,11): error TS7026: JSX element implicitly has type 'any' because no interface 'JSX.IntrinsicElements' exists.
components/marketing/story.tsx(280,13): error TS7026: JSX element implicitly has type 'any' because no interface 'JSX.IntrinsicElements' exists.
components/marketing/story.tsx(283,13): error TS7026: JSX element implicitly has type 'any' because no interface 'JSX.IntrinsicElements' exists.
components/marketing/story.tsx(286,11): error TS7026: JSX element implicitly has type 'any' because no interface 'JSX.IntrinsicElements' exists.
components/marketing/story.tsx(287,9): error TS7026: JSX element implicitly has type 'any' because no interface 'JSX.IntrinsicElements' exists.
components/marketing/story.tsx(288,9): error TS7026: JSX element implicitly has type 'any' because no interface 'JSX.IntrinsicElements' exists.
components/marketing/story.tsx(291,9): error TS7026: JSX element implicitly has type 'any' because no interface 'JSX.IntrinsicElements' exists.
components/marketing/story.tsx(298,9): error TS7026: JSX element implicitly has type 'any' because no interface 'JSX.IntrinsicElements' exists.
components/marketing/story.tsx(300,11): error TS7026: JSX element implicitly has type 'any' because no interface 'JSX.IntrinsicElements' exists.
components/marketing/story.tsx(302,9): error TS7026: JSX element implicitly has type 'any' because no interface 'JSX.IntrinsicElements' exists.
components/marketing/story.tsx(303,9): error TS7026: JSX element implicitly has type 'any' because no interface 'JSX.IntrinsicElements' exists.
components/marketing/story.tsx(305,9): error TS7026: JSX element implicitly has type 'any' because no interface 'JSX.IntrinsicElements' exists.
components/marketing/story.tsx(306,9): error TS7026: JSX element implicitly has type 'any' because no interface 'JSX.IntrinsicElements' exists.
components/marketing/story.tsx(308,13): error TS7026: JSX element implicitly has type 'any' because no interface 'JSX.IntrinsicElements' exists.
components/marketing/story.tsx(309,15): error TS7026: JSX element implicitly has type 'any' because no interface 'JSX.IntrinsicElements' exists.
components/marketing/story.tsx(309,84): error TS7026: JSX element implicitly has type 'any' because no interface 'JSX.IntrinsicElements' exists.
components/marketing/story.tsx(311,15): error TS7026: JSX element implicitly has type 'any' because no interface 'JSX.IntrinsicElements' exists.
components/marketing/story.tsx(311,26): error TS7026: JSX element implicitly has type 'any' because no interface 'JSX.IntrinsicElements' exists.
components/marketing/story.tsx(312,15): error TS7026: JSX element implicitly has type 'any' because no interface 'JSX.IntrinsicElements' exists.
components/marketing/story.tsx(312,26): error TS7026: JSX element implicitly has type 'any' because no interface 'JSX.IntrinsicElements' exists.
components/marketing/story.tsx(313,13): error TS7026: JSX element implicitly has type 'any' because no interface 'JSX.IntrinsicElements' exists.
components/marketing/story.tsx(315,9): error TS7026: JSX element implicitly has type 'any' because no interface 'JSX.IntrinsicElements' exists.
components/marketing/story.tsx(316,9): error TS7026: JSX element implicitly has type 'any' because no interface 'JSX.IntrinsicElements' exists.
components/marketing/story.tsx(319,9): error TS7026: JSX element implicitly has type 'any' because no interface 'JSX.IntrinsicElements' exists.
components/marketing/story.tsx(323,9): error TS7026: JSX element implicitly has type 'any' because no interface 'JSX.IntrinsicElements' exists.
components/marketing/story.tsx(325,11): error TS7026: JSX element implicitly has type 'any' because no interface 'JSX.IntrinsicElements' exists.
components/marketing/story.tsx(326,11): error TS7026: JSX element implicitly has type 'any' because no interface 'JSX.IntrinsicElements' exists.
components/marketing/story.tsx(326,22): error TS7026: JSX element implicitly has type 'any' because no interface 'JSX.IntrinsicElements' exists.
components/marketing/story.tsx(327,9): error TS7026: JSX element implicitly has type 'any' because no interface 'JSX.IntrinsicElements' exists.
components/marketing/story.tsx(328,9): error TS7026: JSX element implicitly has type 'any' because no interface 'JSX.IntrinsicElements' exists.
components/marketing/story.tsx(330,11): error TS7026: JSX element implicitly has type 'any' because no interface 'JSX.IntrinsicElements' exists.
components/marketing/story.tsx(332,13): error TS7026: JSX element implicitly has type 'any' because no interface 'JSX.IntrinsicElements' exists.
components/marketing/story.tsx(334,11): error TS7026: JSX element implicitly has type 'any' because no interface 'JSX.IntrinsicElements' exists.
components/marketing/story.tsx(335,9): error TS7026: JSX element implicitly has type 'any' because no interface 'JSX.IntrinsicElements' exists.
components/marketing/story.tsx(336,9): error TS7026: JSX element implicitly has type 'any' because no interface 'JSX.IntrinsicElements' exists.
components/marketing/story.tsx(343,9): error TS7026: JSX element implicitly has type 'any' because no interface 'JSX.IntrinsicElements' exists.
components/marketing/story.tsx(344,9): error TS7026: JSX element implicitly has type 'any' because no interface 'JSX.IntrinsicElements' exists.
components/marketing/story.tsx(347,9): error TS7026: JSX element implicitly has type 'any' because no interface 'JSX.IntrinsicElements' exists.
components/marketing/story.tsx(348,9): error TS7026: JSX element implicitly has type 'any' because no interface 'JSX.IntrinsicElements' exists.
components/marketing/story.tsx(349,11): error TS7026: JSX element implicitly has type 'any' because no interface 'JSX.IntrinsicElements' exists.
components/marketing/story.tsx(349,64): error TS7026: JSX element implicitly has type 'any' because no interface 'JSX.IntrinsicElements' exists.
components/marketing/story.tsx(350,11): error TS7026: JSX element implicitly has type 'any' because no interface 'JSX.IntrinsicElements' exists.
components/marketing/story.tsx(352,15): error TS7026: JSX element implicitly has type 'any' because no interface 'JSX.IntrinsicElements' exists.
components/marketing/story.tsx(352,42): error TS7026: JSX element implicitly has type 'any' because no interface 'JSX.IntrinsicElements' exists.
components/marketing/story.tsx(354,13): error TS7026: JSX element implicitly has type 'any' because no interface 'JSX.IntrinsicElements' exists.
components/marketing/story.tsx(357,13): error TS7026: JSX element implicitly has type 'any' because no interface 'JSX.IntrinsicElements' exists.
components/marketing/story.tsx(358,13): error TS7026: JSX element implicitly has type 'any' because no interface 'JSX.IntrinsicElements' exists.
components/marketing/story.tsx(358,88): error TS7026: JSX element implicitly has type 'any' because no interface 'JSX.IntrinsicElements' exists.
components/marketing/story.tsx(359,13): error TS7026: JSX element implicitly has type 'any' because no interface 'JSX.IntrinsicElements' exists.
components/marketing/story.tsx(361,13): error TS7026: JSX element implicitly has type 'any' because no interface 'JSX.IntrinsicElements' exists.
components/marketing/story.tsx(362,11): error TS7026: JSX element implicitly has type 'any' because no interface 'JSX.IntrinsicElements' exists.
components/marketing/story.tsx(363,9): error TS7026: JSX element implicitly has type 'any' because no interface 'JSX.IntrinsicElements' exists.
components/providers.tsx(2,90): error TS2307: Cannot find module 'react' or its corresponding type declarations.
components/providers.tsx(3,50): error TS2307: Cannot find module '@tanstack/react-query' or its corresponding type declarations.
components/providers.tsx(4,31): error TS2307: Cannot find module 'next-themes' or its corresponding type declarations.
components/providers.tsx(5,26): error TS2307: Cannot find module 'zustand' or its corresponding type declarations.
components/providers.tsx(82,5): error TS2875: This JSX tag requires the module path 'react/jsx-runtime' to exist, but none could be found. Make sure you have types for the appropriate package installed.
components/screens/acciones.tsx(2,37): error TS2307: Cannot find module 'react' or its corresponding type declarations.
components/screens/acciones.tsx(16,39): error TS7026: JSX element implicitly has type 'any' because no interface 'JSX.IntrinsicElements' exists.
components/screens/acciones.tsx(16,89): error TS7026: JSX element implicitly has type 'any' because no interface 'JSX.IntrinsicElements' exists.
components/screens/acciones.tsx(18,5): error TS7026: JSX element implicitly has type 'any' because no interface 'JSX.IntrinsicElements' exists.
components/screens/acciones.tsx(19,7): error TS7026: JSX element implicitly has type 'any' because no interface 'JSX.IntrinsicElements' exists.
components/screens/acciones.tsx(19,51): error TS7026: JSX element implicitly has type 'any' because no interface 'JSX.IntrinsicElements' exists.
components/screens/acciones.tsx(20,7): error TS7026: JSX element implicitly has type 'any' because no interface 'JSX.IntrinsicElements' exists.
components/screens/acciones.tsx(28,7): error TS7026: JSX element implicitly has type 'any' because no interface 'JSX.IntrinsicElements' exists.
components/screens/acciones.tsx(29,5): error TS7026: JSX element implicitly has type 'any' because no interface 'JSX.IntrinsicElements' exists.
components/screens/acciones.tsx(35,7): error TS7026: JSX element implicitly has type 'any' because no interface 'JSX.IntrinsicElements' exists.
components/screens/acciones.tsx(37,7): error TS7026: JSX element implicitly has type 'any' because no interface 'JSX.IntrinsicElements' exists.
components/screens/acciones.tsx(39,9): error TS7026: JSX element implicitly has type 'any' because no interface 'JSX.IntrinsicElements' exists.
components/screens/acciones.tsx(39,83): error TS7026: JSX element implicitly has type 'any' because no interface 'JSX.IntrinsicElements' exists.
components/screens/acciones.tsx(42,9): error TS7026: JSX element implicitly has type 'any' because no interface 'JSX.IntrinsicElements' exists.
components/screens/acciones.tsx(42,91): error TS7026: JSX element implicitly has type 'any' because no interface 'JSX.IntrinsicElements' exists.
components/screens/acciones.tsx(64,7): error TS2875: This JSX tag requires the module path 'react/jsx-runtime' to exist, but none could be found. Make sure you have types for the appropriate package installed.
components/screens/acciones.tsx(77,39): error TS7006: Parameter 'a' implicitly has an 'any' type.
components/screens/acciones.tsx(91,7): error TS7026: JSX element implicitly has type 'any' because no interface 'JSX.IntrinsicElements' exists.
components/screens/acciones.tsx(106,9): error TS7026: JSX element implicitly has type 'any' because no interface 'JSX.IntrinsicElements' exists.
components/screens/acciones.tsx(109,9): error TS7026: JSX element implicitly has type 'any' because no interface 'JSX.IntrinsicElements' exists.
components/screens/acciones.tsx(110,7): error TS7026: JSX element implicitly has type 'any' because no interface 'JSX.IntrinsicElements' exists.
components/screens/acciones.tsx(113,11): error TS7026: JSX element implicitly has type 'any' because no interface 'JSX.IntrinsicElements' exists.
components/screens/acciones.tsx(114,13): error TS7026: JSX element implicitly has type 'any' because no interface 'JSX.IntrinsicElements' exists.
components/screens/acciones.tsx(115,15): error TS7026: JSX element implicitly has type 'any' because no interface 'JSX.IntrinsicElements' exists.
components/screens/acciones.tsx(115,34): error TS7026: JSX element implicitly has type 'any' because no interface 'JSX.IntrinsicElements' exists.
components/screens/acciones.tsx(116,15): error TS7026: JSX element implicitly has type 'any' because no interface 'JSX.IntrinsicElements' exists.
components/screens/acciones.tsx(116,25): error TS7026: JSX element implicitly has type 'any' because no interface 'JSX.IntrinsicElements' exists.
components/screens/acciones.tsx(117,15): error TS7026: JSX element implicitly has type 'any' because no interface 'JSX.IntrinsicElements' exists.
components/screens/acciones.tsx(117,29): error TS7026: JSX element implicitly has type 'any' because no interface 'JSX.IntrinsicElements' exists.
components/screens/acciones.tsx(118,15): error TS7026: JSX element implicitly has type 'any' because no interface 'JSX.IntrinsicElements' exists.
components/screens/acciones.tsx(118,34): error TS7026: JSX element implicitly has type 'any' because no interface 'JSX.IntrinsicElements' exists.
components/screens/acciones.tsx(119,15): error TS7026: JSX element implicitly has type 'any' because no interface 'JSX.IntrinsicElements' exists.
components/screens/acciones.tsx(119,28): error TS7026: JSX element implicitly has type 'any' because no interface 'JSX.IntrinsicElements' exists.
components/screens/acciones.tsx(120,13): error TS7026: JSX element implicitly has type 'any' because no interface 'JSX.IntrinsicElements' exists.
components/screens/acciones.tsx(121,11): error TS7026: JSX element implicitly has type 'any' because no interface 'JSX.IntrinsicElements' exists.
components/screens/acciones.tsx(122,11): error TS7026: JSX element implicitly has type 'any' because no interface 'JSX.IntrinsicElements' exists.
components/screens/acciones.tsx(123,28): error TS7006: Parameter 'a' implicitly has an 'any' type.
components/screens/acciones.tsx(124,15): error TS7026: JSX element implicitly has type 'any' because no interface 'JSX.IntrinsicElements' exists.
components/screens/acciones.tsx(125,17): error TS7026: JSX element implicitly has type 'any' because no interface 'JSX.IntrinsicElements' exists.
components/screens/acciones.tsx(126,19): error TS7026: JSX element implicitly has type 'any' because no interface 'JSX.IntrinsicElements' exists.
components/screens/acciones.tsx(128,19): error TS7026: JSX element implicitly has type 'any' because no interface 'JSX.IntrinsicElements' exists.
components/screens/acciones.tsx(129,19): error TS7026: JSX element implicitly has type 'any' because no interface 'JSX.IntrinsicElements' exists.
components/screens/acciones.tsx(129,87): error TS7026: JSX element implicitly has type 'any' because no interface 'JSX.IntrinsicElements' exists.
components/screens/acciones.tsx(131,17): error TS7026: JSX element implicitly has type 'any' because no interface 'JSX.IntrinsicElements' exists.
components/screens/acciones.tsx(132,17): error TS7026: JSX element implicitly has type 'any' because no interface 'JSX.IntrinsicElements' exists.
components/screens/acciones.tsx(134,17): error TS7026: JSX element implicitly has type 'any' because no interface 'JSX.IntrinsicElements' exists.
components/screens/acciones.tsx(135,17): error TS7026: JSX element implicitly has type 'any' because no interface 'JSX.IntrinsicElements' exists.
components/screens/acciones.tsx(137,17): error TS7026: JSX element implicitly has type 'any' because no interface 'JSX.IntrinsicElements' exists.
components/screens/acciones.tsx(138,17): error TS7026: JSX element implicitly has type 'any' because no interface 'JSX.IntrinsicElements' exists.
components/screens/acciones.tsx(140,19): error TS7026: JSX element implicitly has type 'any' because no interface 'JSX.IntrinsicElements' exists.
components/screens/acciones.tsx(142,19): error TS7026: JSX element implicitly has type 'any' because no interface 'JSX.IntrinsicElements' exists.
components/screens/acciones.tsx(143,17): error TS7026: JSX element implicitly has type 'any' because no interface 'JSX.IntrinsicElements' exists.
components/screens/acciones.tsx(144,17): error TS7026: JSX element implicitly has type 'any' because no interface 'JSX.IntrinsicElements' exists.
components/screens/acciones.tsx(145,19): error TS7026: JSX element implicitly has type 'any' because no interface 'JSX.IntrinsicElements' exists.
components/screens/acciones.tsx(147,19): error TS7026: JSX element implicitly has type 'any' because no interface 'JSX.IntrinsicElements' exists.
components/screens/acciones.tsx(151,17): error TS7026: JSX element implicitly has type 'any' because no interface 'JSX.IntrinsicElements' exists.
components/screens/acciones.tsx(152,15): error TS7026: JSX element implicitly has type 'any' because no interface 'JSX.IntrinsicElements' exists.
components/screens/acciones.tsx(154,11): error TS7026: JSX element implicitly has type 'any' because no interface 'JSX.IntrinsicElements' exists.
components/screens/acciones.tsx(158,11): error TS7026: JSX element implicitly has type 'any' because no interface 'JSX.IntrinsicElements' exists.
components/screens/acciones.tsx(160,13): error TS7026: JSX element implicitly has type 'any' because no interface 'JSX.IntrinsicElements' exists.
components/screens/acciones.tsx(163,26): error TS7006: Parameter 'e' implicitly has an 'any' type.
components/screens/acciones.tsx(165,15): error TS7026: JSX element implicitly has type 'any' because no interface 'JSX.IntrinsicElements' exists.
components/screens/acciones.tsx(165,49): error TS7026: JSX element implicitly has type 'any' because no interface 'JSX.IntrinsicElements' exists.
components/screens/acciones.tsx(167,17): error TS7026: JSX element implicitly has type 'any' because no interface 'JSX.IntrinsicElements' exists.
components/screens/acciones.tsx(167,36): error TS7026: JSX element implicitly has type 'any' because no interface 'JSX.IntrinsicElements' exists.
components/screens/acciones.tsx(169,13): error TS7026: JSX element implicitly has type 'any' because no interface 'JSX.IntrinsicElements' exists.
components/screens/acciones.tsx(170,11): error TS7026: JSX element implicitly has type 'any' because no interface 'JSX.IntrinsicElements' exists.
components/screens/acciones.tsx(171,11): error TS7026: JSX element implicitly has type 'any' because no interface 'JSX.IntrinsicElements' exists.
components/screens/acciones.tsx(178,46): error TS7006: Parameter 'a' implicitly has an 'any' type.
components/screens/acciones.tsx(180,17): error TS7026: JSX element implicitly has type 'any' because no interface 'JSX.IntrinsicElements' exists.
components/screens/acciones.tsx(181,19): error TS7026: JSX element implicitly has type 'any' because no interface 'JSX.IntrinsicElements' exists.
components/screens/acciones.tsx(182,25): error TS7026: JSX element implicitly has type 'any' because no interface 'JSX.IntrinsicElements' exists.
components/screens/acciones.tsx(182,64): error TS7026: JSX element implicitly has type 'any' because no interface 'JSX.IntrinsicElements' exists.
components/screens/acciones.tsx(183,19): error TS7026: JSX element implicitly has type 'any' because no interface 'JSX.IntrinsicElements' exists.
components/screens/acciones.tsx(184,19): error TS7026: JSX element implicitly has type 'any' because no interface 'JSX.IntrinsicElements' exists.
components/screens/acciones.tsx(185,33): error TS7006: Parameter 'a' implicitly has an 'any' type.
components/screens/acciones.tsx(186,23): error TS7026: JSX element implicitly has type 'any' because no interface 'JSX.IntrinsicElements' exists.
components/screens/acciones.tsx(190,25): error TS7026: JSX element implicitly has type 'any' because no interface 'JSX.IntrinsicElements' exists.
components/screens/acciones.tsx(192,25): error TS7026: JSX element implicitly has type 'any' because no interface 'JSX.IntrinsicElements' exists.
components/screens/acciones.tsx(193,25): error TS7026: JSX element implicitly has type 'any' because no interface 'JSX.IntrinsicElements' exists.
components/screens/acciones.tsx(193,84): error TS7026: JSX element implicitly has type 'any' because no interface 'JSX.IntrinsicElements' exists.
components/screens/acciones.tsx(196,27): error TS7026: JSX element implicitly has type 'any' because no interface 'JSX.IntrinsicElements' exists.
components/screens/acciones.tsx(196,86): error TS7026: JSX element implicitly has type 'any' because no interface 'JSX.IntrinsicElements' exists.
components/screens/acciones.tsx(199,29): error TS7026: JSX element implicitly has type 'any' because no interface 'JSX.IntrinsicElements' exists.
components/screens/acciones.tsx(201,29): error TS7026: JSX element implicitly has type 'any' because no interface 'JSX.IntrinsicElements' exists.
components/screens/acciones.tsx(206,27): error TS7026: JSX element implicitly has type 'any' because no interface 'JSX.IntrinsicElements' exists.
components/screens/acciones.tsx(206,96): error TS7026: JSX element implicitly has type 'any' because no interface 'JSX.IntrinsicElements' exists.
components/screens/acciones.tsx(208,25): error TS7026: JSX element implicitly has type 'any' because no interface 'JSX.IntrinsicElements' exists.
components/screens/acciones.tsx(210,25): error TS7026: JSX element implicitly has type 'any' because no interface 'JSX.IntrinsicElements' exists.
components/screens/acciones.tsx(218,23): error TS7026: JSX element implicitly has type 'any' because no interface 'JSX.IntrinsicElements' exists.
components/screens/acciones.tsx(220,39): error TS7026: JSX element implicitly has type 'any' because no interface 'JSX.IntrinsicElements' exists.
components/screens/acciones.tsx(220,96): error TS7026: JSX element implicitly has type 'any' because no interface 'JSX.IntrinsicElements' exists.
components/screens/acciones.tsx(221,19): error TS7026: JSX element implicitly has type 'any' because no interface 'JSX.IntrinsicElements' exists.
components/screens/acciones.tsx(222,17): error TS7026: JSX element implicitly has type 'any' because no interface 'JSX.IntrinsicElements' exists.
components/screens/acciones.tsx(225,11): error TS7026: JSX element implicitly has type 'any' because no interface 'JSX.IntrinsicElements' exists.
components/screens/acciones.tsx(229,9): error TS7026: JSX element implicitly has type 'any' because no interface 'JSX.IntrinsicElements' exists.
components/screens/acciones.tsx(231,9): error TS7026: JSX element implicitly has type 'any' because no interface 'JSX.IntrinsicElements' exists.
components/screens/acciones.tsx(233,7): error TS7026: JSX element implicitly has type 'any' because no interface 'JSX.IntrinsicElements' exists.
components/screens/acciones.tsx(235,7): error TS7026: JSX element implicitly has type 'any' because no interface 'JSX.IntrinsicElements' exists.
components/screens/acciones.tsx(236,35): error TS2322: Type '{ key: any; accion: any; base: any; onClose: () => void; }' is not assignable to type '{ accion: AccionLectura; base: BaseNormalizada; onClose: () => void; }'.
  Property 'key' does not exist on type '{ accion: AccionLectura; base: BaseNormalizada; onClose: () => void; }'.
components/screens/analisis.tsx(2,26): error TS2307: Cannot find module 'react' or its corresponding type declarations.
components/screens/analisis.tsx(3,33): error TS2307: Cannot find module 'next/navigation' or its corresponding type declarations.
components/screens/analisis.tsx(44,7): error TS2875: This JSX tag requires the module path 'react/jsx-runtime' to exist, but none could be found. Make sure you have types for the appropriate package installed.
components/screens/analisis.tsx(55,34): error TS7006: Parameter 'e' implicitly has an 'any' type.
components/screens/analisis.tsx(78,9): error TS7026: JSX element implicitly has type 'any' because no interface 'JSX.IntrinsicElements' exists.
components/screens/analisis.tsx(79,11): error TS7026: JSX element implicitly has type 'any' because no interface 'JSX.IntrinsicElements' exists.
components/screens/analisis.tsx(81,13): error TS7026: JSX element implicitly has type 'any' because no interface 'JSX.IntrinsicElements' exists.
components/screens/analisis.tsx(84,26): error TS7006: Parameter 'e' implicitly has an 'any' type.
components/screens/analisis.tsx(86,43): error TS7006: Parameter 'e' implicitly has an 'any' type.
components/screens/analisis.tsx(87,33): error TS18046: 'c' is of type 'unknown'.
components/screens/analisis.tsx(87,37): error TS18046: 'a' is of type 'unknown'.
components/screens/analisis.tsx(89,19): error TS7026: JSX element implicitly has type 'any' because no interface 'JSX.IntrinsicElements' exists.
components/screens/analisis.tsx(89,38): error TS7026: JSX element implicitly has type 'any' because no interface 'JSX.IntrinsicElements' exists.
components/screens/analisis.tsx(91,13): error TS7026: JSX element implicitly has type 'any' because no interface 'JSX.IntrinsicElements' exists.
components/screens/analisis.tsx(92,11): error TS7026: JSX element implicitly has type 'any' because no interface 'JSX.IntrinsicElements' exists.
components/screens/analisis.tsx(93,11): error TS7026: JSX element implicitly has type 'any' because no interface 'JSX.IntrinsicElements' exists.
components/screens/analisis.tsx(96,11): error TS7026: JSX element implicitly has type 'any' because no interface 'JSX.IntrinsicElements' exists.
components/screens/analisis.tsx(97,9): error TS7026: JSX element implicitly has type 'any' because no interface 'JSX.IntrinsicElements' exists.
components/screens/analisis.tsx(98,9): error TS7026: JSX element implicitly has type 'any' because no interface 'JSX.IntrinsicElements' exists.
components/screens/analisis.tsx(100,24): error TS2322: Type '{ key: string; modelo: ModeloGrafico; corte: any; }' is not assignable to type '{ modelo: ModeloGrafico; corte: string; onSelect?: ((f: Partial<Filtros>) => void) | undefined; }'.
  Property 'key' does not exist on type '{ modelo: ModeloGrafico; corte: string; onSelect?: ((f: Partial<Filtros>) => void) | undefined; }'.
components/screens/analisis.tsx(102,9): error TS7026: JSX element implicitly has type 'any' because no interface 'JSX.IntrinsicElements' exists.
components/screens/analisis.tsx(103,9): error TS7026: JSX element implicitly has type 'any' because no interface 'JSX.IntrinsicElements' exists.
components/screens/analisis.tsx(107,32): error TS7006: Parameter 'p' implicitly has an 'any' type.
components/screens/analisis.tsx(112,9): error TS7026: JSX element implicitly has type 'any' because no interface 'JSX.IntrinsicElements' exists.
components/screens/analisis.tsx(117,7): error TS7026: JSX element implicitly has type 'any' because no interface 'JSX.IntrinsicElements' exists.
components/screens/analisis.tsx(129,13): error TS2322: Type '{ key: "actividad" | "equipo" | "tipo" | "riesgoCritico" | "causasInmediatas" | "causasBasicas"; modelo: ModeloGrafico; corte: any; }' is not assignable to type '{ modelo: ModeloGrafico; corte: string; onSelect?: ((f: Partial<Filtros>) => void) | undefined; }'.
  Property 'key' does not exist on type '{ modelo: ModeloGrafico; corte: string; onSelect?: ((f: Partial<Filtros>) => void) | undefined; }'.
components/screens/analisis.tsx(134,7): error TS7026: JSX element implicitly has type 'any' because no interface 'JSX.IntrinsicElements' exists.
components/screens/analisis.tsx(139,9): error TS7026: JSX element implicitly has type 'any' because no interface 'JSX.IntrinsicElements' exists.
components/screens/analisis.tsx(161,9): error TS7026: JSX element implicitly has type 'any' because no interface 'JSX.IntrinsicElements' exists.
components/screens/analisis.tsx(162,9): error TS7026: JSX element implicitly has type 'any' because no interface 'JSX.IntrinsicElements' exists.
components/screens/analisis.tsx(165,9): error TS7026: JSX element implicitly has type 'any' because no interface 'JSX.IntrinsicElements' exists.
components/screens/analisis.tsx(171,7): error TS7026: JSX element implicitly has type 'any' because no interface 'JSX.IntrinsicElements' exists.
components/screens/analisis.tsx(177,22): error TS2322: Type '{ key: string; modelo: ModeloGrafico; corte: any; }' is not assignable to type '{ modelo: ModeloGrafico; corte: string; onSelect?: ((f: Partial<Filtros>) => void) | undefined; }'.
  Property 'key' does not exist on type '{ modelo: ModeloGrafico; corte: string; onSelect?: ((f: Partial<Filtros>) => void) | undefined; }'.
components/screens/analisis.tsx(179,7): error TS7026: JSX element implicitly has type 'any' because no interface 'JSX.IntrinsicElements' exists.
components/screens/analisis.tsx(184,9): error TS7026: JSX element implicitly has type 'any' because no interface 'JSX.IntrinsicElements' exists.
components/screens/analisis.tsx(185,11): error TS7026: JSX element implicitly has type 'any' because no interface 'JSX.IntrinsicElements' exists.
components/screens/analisis.tsx(185,61): error TS7026: JSX element implicitly has type 'any' because no interface 'JSX.IntrinsicElements' exists.
components/screens/analisis.tsx(186,11): error TS7026: JSX element implicitly has type 'any' because no interface 'JSX.IntrinsicElements' exists.
components/screens/analisis.tsx(188,15): error TS7026: JSX element implicitly has type 'any' because no interface 'JSX.IntrinsicElements' exists.
components/screens/analisis.tsx(188,30): error TS7026: JSX element implicitly has type 'any' because no interface 'JSX.IntrinsicElements' exists.
components/screens/analisis.tsx(190,11): error TS7026: JSX element implicitly has type 'any' because no interface 'JSX.IntrinsicElements' exists.
components/screens/analisis.tsx(191,9): error TS7026: JSX element implicitly has type 'any' because no interface 'JSX.IntrinsicElements' exists.
components/screens/analisis.tsx(193,9): error TS7026: JSX element implicitly has type 'any' because no interface 'JSX.IntrinsicElements' exists.
components/screens/analisis.tsx(195,11): error TS7026: JSX element implicitly has type 'any' because no interface 'JSX.IntrinsicElements' exists.
components/screens/analisis.tsx(198,24): error TS7006: Parameter 'e' implicitly has an 'any' type.
components/screens/analisis.tsx(201,15): error TS7026: JSX element implicitly has type 'any' because no interface 'JSX.IntrinsicElements' exists.
components/screens/analisis.tsx(201,34): error TS7026: JSX element implicitly has type 'any' because no interface 'JSX.IntrinsicElements' exists.
components/screens/analisis.tsx(203,11): error TS7026: JSX element implicitly has type 'any' because no interface 'JSX.IntrinsicElements' exists.
components/screens/analisis.tsx(204,9): error TS7026: JSX element implicitly has type 'any' because no interface 'JSX.IntrinsicElements' exists.
components/screens/analisis.tsx(207,11): error TS7026: JSX element implicitly has type 'any' because no interface 'JSX.IntrinsicElements' exists.
components/screens/analisis.tsx(208,13): error TS7026: JSX element implicitly has type 'any' because no interface 'JSX.IntrinsicElements' exists.
components/screens/analisis.tsx(209,15): error TS7026: JSX element implicitly has type 'any' because no interface 'JSX.IntrinsicElements' exists.
components/screens/analisis.tsx(209,24): error TS7026: JSX element implicitly has type 'any' because no interface 'JSX.IntrinsicElements' exists.
components/screens/analisis.tsx(210,15): error TS7026: JSX element implicitly has type 'any' because no interface 'JSX.IntrinsicElements' exists.
components/screens/analisis.tsx(210,24): error TS7026: JSX element implicitly has type 'any' because no interface 'JSX.IntrinsicElements' exists.
components/screens/analisis.tsx(211,15): error TS7026: JSX element implicitly has type 'any' because no interface 'JSX.IntrinsicElements' exists.
components/screens/analisis.tsx(211,24): error TS7026: JSX element implicitly has type 'any' because no interface 'JSX.IntrinsicElements' exists.
components/screens/analisis.tsx(212,15): error TS7026: JSX element implicitly has type 'any' because no interface 'JSX.IntrinsicElements' exists.
components/screens/analisis.tsx(212,26): error TS7026: JSX element implicitly has type 'any' because no interface 'JSX.IntrinsicElements' exists.
components/screens/analisis.tsx(213,15): error TS7026: JSX element implicitly has type 'any' because no interface 'JSX.IntrinsicElements' exists.
components/screens/analisis.tsx(213,25): error TS7026: JSX element implicitly has type 'any' because no interface 'JSX.IntrinsicElements' exists.
components/screens/analisis.tsx(214,15): error TS7026: JSX element implicitly has type 'any' because no interface 'JSX.IntrinsicElements' exists.
components/screens/analisis.tsx(214,36): error TS7026: JSX element implicitly has type 'any' because no interface 'JSX.IntrinsicElements' exists.
components/screens/analisis.tsx(215,15): error TS7026: JSX element implicitly has type 'any' because no interface 'JSX.IntrinsicElements' exists.
components/screens/analisis.tsx(215,34): error TS7026: JSX element implicitly has type 'any' because no interface 'JSX.IntrinsicElements' exists.
components/screens/analisis.tsx(216,13): error TS7026: JSX element implicitly has type 'any' because no interface 'JSX.IntrinsicElements' exists.
components/screens/analisis.tsx(217,11): error TS7026: JSX element implicitly has type 'any' because no interface 'JSX.IntrinsicElements' exists.
components/screens/analisis.tsx(218,11): error TS7026: JSX element implicitly has type 'any' because no interface 'JSX.IntrinsicElements' exists.
components/screens/analisis.tsx(220,15): error TS7026: JSX element implicitly has type 'any' because no interface 'JSX.IntrinsicElements' exists.
components/screens/analisis.tsx(221,17): error TS7026: JSX element implicitly has type 'any' because no interface 'JSX.IntrinsicElements' exists.
components/screens/analisis.tsx(221,30): error TS7026: JSX element implicitly has type 'any' because no interface 'JSX.IntrinsicElements' exists.
components/screens/analisis.tsx(222,17): error TS7026: JSX element implicitly has type 'any' because no interface 'JSX.IntrinsicElements' exists.
components/screens/analisis.tsx(222,30): error TS7026: JSX element implicitly has type 'any' because no interface 'JSX.IntrinsicElements' exists.
components/screens/analisis.tsx(223,17): error TS7026: JSX element implicitly has type 'any' because no interface 'JSX.IntrinsicElements' exists.
components/screens/analisis.tsx(223,30): error TS7026: JSX element implicitly has type 'any' because no interface 'JSX.IntrinsicElements' exists.
components/screens/analisis.tsx(224,17): error TS7026: JSX element implicitly has type 'any' because no interface 'JSX.IntrinsicElements' exists.
components/screens/analisis.tsx(224,71): error TS7026: JSX element implicitly has type 'any' because no interface 'JSX.IntrinsicElements' exists.
components/screens/analisis.tsx(225,17): error TS7026: JSX element implicitly has type 'any' because no interface 'JSX.IntrinsicElements' exists.
components/screens/analisis.tsx(225,31): error TS7026: JSX element implicitly has type 'any' because no interface 'JSX.IntrinsicElements' exists.
components/screens/analisis.tsx(226,17): error TS7026: JSX element implicitly has type 'any' because no interface 'JSX.IntrinsicElements' exists.
components/screens/analisis.tsx(226,33): error TS7026: JSX element implicitly has type 'any' because no interface 'JSX.IntrinsicElements' exists.
components/screens/analisis.tsx(227,17): error TS7026: JSX element implicitly has type 'any' because no interface 'JSX.IntrinsicElements' exists.
components/screens/analisis.tsx(227,33): error TS7026: JSX element implicitly has type 'any' because no interface 'JSX.IntrinsicElements' exists.
components/screens/analisis.tsx(228,15): error TS7026: JSX element implicitly has type 'any' because no interface 'JSX.IntrinsicElements' exists.
components/screens/analisis.tsx(230,11): error TS7026: JSX element implicitly has type 'any' because no interface 'JSX.IntrinsicElements' exists.
components/screens/campo.tsx(2,72): error TS2307: Cannot find module 'react' or its corresponding type declarations.
components/screens/campo.tsx(78,7): error TS2875: This JSX tag requires the module path 'react/jsx-runtime' to exist, but none could be found. Make sure you have types for the appropriate package installed.
components/screens/campo.tsx(91,41): error TS7006: Parameter 'e' implicitly has an 'any' type.
components/screens/campo.tsx(92,39): error TS7006: Parameter 'a' implicitly has an 'any' type.
components/screens/campo.tsx(93,41): error TS7006: Parameter 'l' implicitly has an 'any' type.
components/screens/campo.tsx(97,46): error TS7006: Parameter 'p' implicitly has an 'any' type.
components/screens/campo.tsx(98,37): error TS7006: Parameter 'e' implicitly has an 'any' type.
components/screens/campo.tsx(99,47): error TS7006: Parameter 'a' implicitly has an 'any' type.
components/screens/campo.tsx(101,6): error TS7006: Parameter 'l' implicitly has an 'any' type.
components/screens/campo.tsx(106,34): error TS7006: Parameter 'a' implicitly has an 'any' type.
components/screens/campo.tsx(119,5): error TS7026: JSX element implicitly has type 'any' because no interface 'JSX.IntrinsicElements' exists.
components/screens/campo.tsx(124,7): error TS7026: JSX element implicitly has type 'any' because no interface 'JSX.IntrinsicElements' exists.
components/screens/campo.tsx(129,9): error TS7026: JSX element implicitly has type 'any' because no interface 'JSX.IntrinsicElements' exists.
components/screens/campo.tsx(129,90): error TS7026: JSX element implicitly has type 'any' because no interface 'JSX.IntrinsicElements' exists.
components/screens/campo.tsx(130,9): error TS7026: JSX element implicitly has type 'any' because no interface 'JSX.IntrinsicElements' exists.
components/screens/campo.tsx(130,49): error TS7026: JSX element implicitly has type 'any' because no interface 'JSX.IntrinsicElements' exists.
components/screens/campo.tsx(131,7): error TS7026: JSX element implicitly has type 'any' because no interface 'JSX.IntrinsicElements' exists.
components/screens/campo.tsx(134,9): error TS7026: JSX element implicitly has type 'any' because no interface 'JSX.IntrinsicElements' exists.
components/screens/campo.tsx(136,11): error TS7026: JSX element implicitly has type 'any' because no interface 'JSX.IntrinsicElements' exists.
components/screens/campo.tsx(140,24): error TS7006: Parameter 'e' implicitly has an 'any' type.
components/screens/campo.tsx(146,13): error TS7026: JSX element implicitly has type 'any' because no interface 'JSX.IntrinsicElements' exists.
components/screens/campo.tsx(146,49): error TS7026: JSX element implicitly has type 'any' because no interface 'JSX.IntrinsicElements' exists.
components/screens/campo.tsx(147,39): error TS7006: Parameter 'p' implicitly has an 'any' type.
components/screens/campo.tsx(148,15): error TS7026: JSX element implicitly has type 'any' because no interface 'JSX.IntrinsicElements' exists.
components/screens/campo.tsx(150,15): error TS7026: JSX element implicitly has type 'any' because no interface 'JSX.IntrinsicElements' exists.
components/screens/campo.tsx(152,11): error TS7026: JSX element implicitly has type 'any' because no interface 'JSX.IntrinsicElements' exists.
components/screens/campo.tsx(153,9): error TS7026: JSX element implicitly has type 'any' because no interface 'JSX.IntrinsicElements' exists.
components/screens/campo.tsx(155,7): error TS7026: JSX element implicitly has type 'any' because no interface 'JSX.IntrinsicElements' exists.
components/screens/campo.tsx(172,7): error TS7026: JSX element implicitly has type 'any' because no interface 'JSX.IntrinsicElements' exists.
components/screens/campo.tsx(174,9): error TS7026: JSX element implicitly has type 'any' because no interface 'JSX.IntrinsicElements' exists.
components/screens/campo.tsx(180,9): error TS7026: JSX element implicitly has type 'any' because no interface 'JSX.IntrinsicElements' exists.
components/screens/campo.tsx(183,9): error TS7026: JSX element implicitly has type 'any' because no interface 'JSX.IntrinsicElements' exists.
components/screens/campo.tsx(188,9): error TS7026: JSX element implicitly has type 'any' because no interface 'JSX.IntrinsicElements' exists.
components/screens/campo.tsx(191,9): error TS7026: JSX element implicitly has type 'any' because no interface 'JSX.IntrinsicElements' exists.
components/screens/campo.tsx(194,9): error TS7026: JSX element implicitly has type 'any' because no interface 'JSX.IntrinsicElements' exists.
components/screens/campo.tsx(200,17): error TS2322: Type '{ key: any; inicial: any; data: DataJson; actor: any; cola: any; cancelar: () => void; terminado: () => void; }' is not assignable to type '{ inicial: BorradorCampo; data: DataJson; actor: ActorDemo; cola: ColaCampo; terminado: () => void; cancelar: () => void; }'.
  Property 'key' does not exist on type '{ inicial: BorradorCampo; data: DataJson; actor: ActorDemo; cola: ColaCampo; terminado: () => void; cancelar: () => void; }'.
components/screens/campo.tsx(219,15): error TS7026: JSX element implicitly has type 'any' because no interface 'JSX.IntrinsicElements' exists.
components/screens/campo.tsx(220,17): error TS7026: JSX element implicitly has type 'any' because no interface 'JSX.IntrinsicElements' exists.
components/screens/campo.tsx(220,72): error TS7026: JSX element implicitly has type 'any' because no interface 'JSX.IntrinsicElements' exists.
components/screens/campo.tsx(221,17): error TS7026: JSX element implicitly has type 'any' because no interface 'JSX.IntrinsicElements' exists.
components/screens/campo.tsx(223,17): error TS7026: JSX element implicitly has type 'any' because no interface 'JSX.IntrinsicElements' exists.
components/screens/campo.tsx(227,17): error TS7026: JSX element implicitly has type 'any' because no interface 'JSX.IntrinsicElements' exists.
components/screens/campo.tsx(227,84): error TS7026: JSX element implicitly has type 'any' because no interface 'JSX.IntrinsicElements' exists.
components/screens/campo.tsx(229,19): error TS7026: JSX element implicitly has type 'any' because no interface 'JSX.IntrinsicElements' exists.
components/screens/campo.tsx(229,85): error TS7026: JSX element implicitly has type 'any' because no interface 'JSX.IntrinsicElements' exists.
components/screens/campo.tsx(231,34): error TS7006: Parameter 'b' implicitly has an 'any' type.
components/screens/campo.tsx(232,19): error TS7026: JSX element implicitly has type 'any' because no interface 'JSX.IntrinsicElements' exists.
components/screens/campo.tsx(233,21): error TS7026: JSX element implicitly has type 'any' because no interface 'JSX.IntrinsicElements' exists.
components/screens/campo.tsx(235,21): error TS7026: JSX element implicitly has type 'any' because no interface 'JSX.IntrinsicElements' exists.
components/screens/campo.tsx(236,21): error TS7026: JSX element implicitly has type 'any' because no interface 'JSX.IntrinsicElements' exists.
components/screens/campo.tsx(252,21): error TS7026: JSX element implicitly has type 'any' because no interface 'JSX.IntrinsicElements' exists.
components/screens/campo.tsx(253,19): error TS7026: JSX element implicitly has type 'any' because no interface 'JSX.IntrinsicElements' exists.
components/screens/campo.tsx(255,15): error TS7026: JSX element implicitly has type 'any' because no interface 'JSX.IntrinsicElements' exists.
components/screens/campo.tsx(258,13): error TS7026: JSX element implicitly has type 'any' because no interface 'JSX.IntrinsicElements' exists.
components/screens/campo.tsx(259,15): error TS7026: JSX element implicitly has type 'any' because no interface 'JSX.IntrinsicElements' exists.
components/screens/campo.tsx(259,74): error TS7026: JSX element implicitly has type 'any' because no interface 'JSX.IntrinsicElements' exists.
components/screens/campo.tsx(268,15): error TS7026: JSX element implicitly has type 'any' because no interface 'JSX.IntrinsicElements' exists.
components/screens/campo.tsx(271,15): error TS7026: JSX element implicitly has type 'any' because no interface 'JSX.IntrinsicElements' exists.
components/screens/campo.tsx(272,34): error TS7026: JSX element implicitly has type 'any' because no interface 'JSX.IntrinsicElements' exists.
components/screens/campo.tsx(272,81): error TS7026: JSX element implicitly has type 'any' because no interface 'JSX.IntrinsicElements' exists.
components/screens/campo.tsx(273,28): error TS7006: Parameter 'e' implicitly has an 'any' type.
components/screens/campo.tsx(274,17): error TS7026: JSX element implicitly has type 'any' because no interface 'JSX.IntrinsicElements' exists.
components/screens/campo.tsx(278,19): error TS7026: JSX element implicitly has type 'any' because no interface 'JSX.IntrinsicElements' exists.
components/screens/campo.tsx(280,19): error TS7026: JSX element implicitly has type 'any' because no interface 'JSX.IntrinsicElements' exists.
components/screens/campo.tsx(281,19): error TS7026: JSX element implicitly has type 'any' because no interface 'JSX.IntrinsicElements' exists.
components/screens/campo.tsx(287,19): error TS7026: JSX element implicitly has type 'any' because no interface 'JSX.IntrinsicElements' exists.
components/screens/campo.tsx(288,19): error TS7026: JSX element implicitly has type 'any' because no interface 'JSX.IntrinsicElements' exists.
components/screens/campo.tsx(290,19): error TS7026: JSX element implicitly has type 'any' because no interface 'JSX.IntrinsicElements' exists.
components/screens/campo.tsx(292,21): error TS7026: JSX element implicitly has type 'any' because no interface 'JSX.IntrinsicElements' exists.
components/screens/campo.tsx(294,21): error TS7026: JSX element implicitly has type 'any' because no interface 'JSX.IntrinsicElements' exists.
components/screens/campo.tsx(297,21): error TS7026: JSX element implicitly has type 'any' because no interface 'JSX.IntrinsicElements' exists.
components/screens/campo.tsx(299,21): error TS7026: JSX element implicitly has type 'any' because no interface 'JSX.IntrinsicElements' exists.
components/screens/campo.tsx(301,17): error TS7026: JSX element implicitly has type 'any' because no interface 'JSX.IntrinsicElements' exists.
components/screens/campo.tsx(303,13): error TS7026: JSX element implicitly has type 'any' because no interface 'JSX.IntrinsicElements' exists.
components/screens/campo.tsx(306,13): error TS7026: JSX element implicitly has type 'any' because no interface 'JSX.IntrinsicElements' exists.
components/screens/campo.tsx(307,15): error TS7026: JSX element implicitly has type 'any' because no interface 'JSX.IntrinsicElements' exists.
components/screens/campo.tsx(307,90): error TS7026: JSX element implicitly has type 'any' because no interface 'JSX.IntrinsicElements' exists.
components/screens/campo.tsx(308,15): error TS7026: JSX element implicitly has type 'any' because no interface 'JSX.IntrinsicElements' exists.
components/screens/campo.tsx(311,15): error TS7026: JSX element implicitly has type 'any' because no interface 'JSX.IntrinsicElements' exists.
components/screens/campo.tsx(312,30): error TS7006: Parameter 'a' implicitly has an 'any' type.
components/screens/campo.tsx(313,17): error TS7026: JSX element implicitly has type 'any' because no interface 'JSX.IntrinsicElements' exists.
components/screens/campo.tsx(314,19): error TS7026: JSX element implicitly has type 'any' because no interface 'JSX.IntrinsicElements' exists.
components/screens/campo.tsx(314,55): error TS7026: JSX element implicitly has type 'any' because no interface 'JSX.IntrinsicElements' exists.
components/screens/campo.tsx(315,19): error TS7026: JSX element implicitly has type 'any' because no interface 'JSX.IntrinsicElements' exists.
components/screens/campo.tsx(315,62): error TS7026: JSX element implicitly has type 'any' because no interface 'JSX.IntrinsicElements' exists.
components/screens/campo.tsx(316,19): error TS7026: JSX element implicitly has type 'any' because no interface 'JSX.IntrinsicElements' exists.
components/screens/campo.tsx(318,19): error TS7026: JSX element implicitly has type 'any' because no interface 'JSX.IntrinsicElements' exists.
components/screens/campo.tsx(319,19): error TS7026: JSX element implicitly has type 'any' because no interface 'JSX.IntrinsicElements' exists.
components/screens/campo.tsx(323,19): error TS7026: JSX element implicitly has type 'any' because no interface 'JSX.IntrinsicElements' exists.
components/screens/campo.tsx(327,17): error TS7026: JSX element implicitly has type 'any' because no interface 'JSX.IntrinsicElements' exists.
components/screens/campo.tsx(330,17): error TS7026: JSX element implicitly has type 'any' because no interface 'JSX.IntrinsicElements' exists.
components/screens/campo.tsx(330,95): error TS7026: JSX element implicitly has type 'any' because no interface 'JSX.IntrinsicElements' exists.
components/screens/campo.tsx(332,13): error TS7026: JSX element implicitly has type 'any' because no interface 'JSX.IntrinsicElements' exists.
components/screens/campo.tsx(335,13): error TS7026: JSX element implicitly has type 'any' because no interface 'JSX.IntrinsicElements' exists.
components/screens/campo.tsx(336,15): error TS7026: JSX element implicitly has type 'any' because no interface 'JSX.IntrinsicElements' exists.
components/screens/campo.tsx(336,78): error TS7026: JSX element implicitly has type 'any' because no interface 'JSX.IntrinsicElements' exists.
components/screens/campo.tsx(337,15): error TS7026: JSX element implicitly has type 'any' because no interface 'JSX.IntrinsicElements' exists.
components/screens/campo.tsx(339,17): error TS7026: JSX element implicitly has type 'any' because no interface 'JSX.IntrinsicElements' exists.
components/screens/campo.tsx(342,30): error TS7006: Parameter 'e' implicitly has an 'any' type.
components/screens/campo.tsx(344,19): error TS7026: JSX element implicitly has type 'any' because no interface 'JSX.IntrinsicElements' exists.
components/screens/campo.tsx(344,53): error TS7026: JSX element implicitly has type 'any' because no interface 'JSX.IntrinsicElements' exists.
components/screens/campo.tsx(345,57): error TS7006: Parameter 'l' implicitly has an 'any' type.
components/screens/campo.tsx(346,21): error TS7026: JSX element implicitly has type 'any' because no interface 'JSX.IntrinsicElements' exists.
components/screens/campo.tsx(346,40): error TS7026: JSX element implicitly has type 'any' because no interface 'JSX.IntrinsicElements' exists.
components/screens/campo.tsx(348,17): error TS7026: JSX element implicitly has type 'any' because no interface 'JSX.IntrinsicElements' exists.
components/screens/campo.tsx(349,15): error TS7026: JSX element implicitly has type 'any' because no interface 'JSX.IntrinsicElements' exists.
components/screens/campo.tsx(350,31): error TS7006: Parameter 'l' implicitly has an 'any' type.
components/screens/campo.tsx(351,17): error TS7026: JSX element implicitly has type 'any' because no interface 'JSX.IntrinsicElements' exists.
components/screens/campo.tsx(352,19): error TS7026: JSX element implicitly has type 'any' because no interface 'JSX.IntrinsicElements' exists.
components/screens/campo.tsx(354,19): error TS7026: JSX element implicitly has type 'any' because no interface 'JSX.IntrinsicElements' exists.
components/screens/campo.tsx(355,19): error TS7026: JSX element implicitly has type 'any' because no interface 'JSX.IntrinsicElements' exists.
components/screens/campo.tsx(355,58): error TS7026: JSX element implicitly has type 'any' because no interface 'JSX.IntrinsicElements' exists.
components/screens/campo.tsx(356,19): error TS7026: JSX element implicitly has type 'any' because no interface 'JSX.IntrinsicElements' exists.
components/screens/campo.tsx(356,70): error TS7026: JSX element implicitly has type 'any' because no interface 'JSX.IntrinsicElements' exists.
components/screens/campo.tsx(357,19): error TS7026: JSX element implicitly has type 'any' because no interface 'JSX.IntrinsicElements' exists.
components/screens/campo.tsx(359,23): error TS7026: JSX element implicitly has type 'any' because no interface 'JSX.IntrinsicElements' exists.
components/screens/campo.tsx(360,25): error TS7026: JSX element implicitly has type 'any' because no interface 'JSX.IntrinsicElements' exists.
components/screens/campo.tsx(370,25): error TS7026: JSX element implicitly has type 'any' because no interface 'JSX.IntrinsicElements' exists.
components/screens/campo.tsx(371,25): error TS7026: JSX element implicitly has type 'any' because no interface 'JSX.IntrinsicElements' exists.
components/screens/campo.tsx(371,47): error TS7026: JSX element implicitly has type 'any' because no interface 'JSX.IntrinsicElements' exists.
components/screens/campo.tsx(372,23): error TS7026: JSX element implicitly has type 'any' because no interface 'JSX.IntrinsicElements' exists.
components/screens/campo.tsx(374,19): error TS7026: JSX element implicitly has type 'any' because no interface 'JSX.IntrinsicElements' exists.
components/screens/campo.tsx(375,19): error TS7026: JSX element implicitly has type 'any' because no interface 'JSX.IntrinsicElements' exists.
components/screens/campo.tsx(377,19): error TS7026: JSX element implicitly has type 'any' because no interface 'JSX.IntrinsicElements' exists.
components/screens/campo.tsx(378,17): error TS7026: JSX element implicitly has type 'any' because no interface 'JSX.IntrinsicElements' exists.
components/screens/campo.tsx(380,37): error TS7026: JSX element implicitly has type 'any' because no interface 'JSX.IntrinsicElements' exists.
components/screens/campo.tsx(380,84): error TS7026: JSX element implicitly has type 'any' because no interface 'JSX.IntrinsicElements' exists.
components/screens/campo.tsx(381,13): error TS7026: JSX element implicitly has type 'any' because no interface 'JSX.IntrinsicElements' exists.
components/screens/campo.tsx(388,5): error TS7026: JSX element implicitly has type 'any' because no interface 'JSX.IntrinsicElements' exists.
components/screens/catalogos.tsx(8,7): error TS2875: This JSX tag requires the module path 'react/jsx-runtime' to exist, but none could be found. Make sure you have types for the appropriate package installed.
components/screens/catalogos.tsx(23,9): error TS7026: JSX element implicitly has type 'any' because no interface 'JSX.IntrinsicElements' exists.
components/screens/catalogos.tsx(24,11): error TS7026: JSX element implicitly has type 'any' because no interface 'JSX.IntrinsicElements' exists.
components/screens/catalogos.tsx(25,13): error TS7026: JSX element implicitly has type 'any' because no interface 'JSX.IntrinsicElements' exists.
components/screens/catalogos.tsx(25,23): error TS7026: JSX element implicitly has type 'any' because no interface 'JSX.IntrinsicElements' exists.
components/screens/catalogos.tsx(26,13): error TS7026: JSX element implicitly has type 'any' because no interface 'JSX.IntrinsicElements' exists.
components/screens/catalogos.tsx(26,25): error TS7026: JSX element implicitly has type 'any' because no interface 'JSX.IntrinsicElements' exists.
components/screens/catalogos.tsx(27,13): error TS7026: JSX element implicitly has type 'any' because no interface 'JSX.IntrinsicElements' exists.
components/screens/catalogos.tsx(27,24): error TS7026: JSX element implicitly has type 'any' because no interface 'JSX.IntrinsicElements' exists.
components/screens/catalogos.tsx(28,13): error TS7026: JSX element implicitly has type 'any' because no interface 'JSX.IntrinsicElements' exists.
components/screens/catalogos.tsx(28,32): error TS7026: JSX element implicitly has type 'any' because no interface 'JSX.IntrinsicElements' exists.
components/screens/catalogos.tsx(29,11): error TS7026: JSX element implicitly has type 'any' because no interface 'JSX.IntrinsicElements' exists.
components/screens/catalogos.tsx(30,9): error TS7026: JSX element implicitly has type 'any' because no interface 'JSX.IntrinsicElements' exists.
components/screens/catalogos.tsx(31,9): error TS7026: JSX element implicitly has type 'any' because no interface 'JSX.IntrinsicElements' exists.
components/screens/catalogos.tsx(32,34): error TS7006: Parameter 'p' implicitly has an 'any' type.
components/screens/catalogos.tsx(33,13): error TS7026: JSX element implicitly has type 'any' because no interface 'JSX.IntrinsicElements' exists.
components/screens/catalogos.tsx(34,15): error TS7026: JSX element implicitly has type 'any' because no interface 'JSX.IntrinsicElements' exists.
components/screens/catalogos.tsx(34,29): error TS7026: JSX element implicitly has type 'any' because no interface 'JSX.IntrinsicElements' exists.
components/screens/catalogos.tsx(35,15): error TS7026: JSX element implicitly has type 'any' because no interface 'JSX.IntrinsicElements' exists.
components/screens/catalogos.tsx(35,29): error TS7026: JSX element implicitly has type 'any' because no interface 'JSX.IntrinsicElements' exists.
components/screens/catalogos.tsx(36,15): error TS7026: JSX element implicitly has type 'any' because no interface 'JSX.IntrinsicElements' exists.
components/screens/catalogos.tsx(36,30): error TS7026: JSX element implicitly has type 'any' because no interface 'JSX.IntrinsicElements' exists.
components/screens/catalogos.tsx(37,15): error TS7026: JSX element implicitly has type 'any' because no interface 'JSX.IntrinsicElements' exists.
components/screens/catalogos.tsx(37,53): error TS7026: JSX element implicitly has type 'any' because no interface 'JSX.IntrinsicElements' exists.
components/screens/catalogos.tsx(38,13): error TS7026: JSX element implicitly has type 'any' because no interface 'JSX.IntrinsicElements' exists.
components/screens/catalogos.tsx(40,9): error TS7026: JSX element implicitly has type 'any' because no interface 'JSX.IntrinsicElements' exists.
components/screens/catalogos.tsx(42,7): error TS7026: JSX element implicitly has type 'any' because no interface 'JSX.IntrinsicElements' exists.
components/screens/catalogos.tsx(42,65): error TS7026: JSX element implicitly has type 'any' because no interface 'JSX.IntrinsicElements' exists.
components/screens/catalogos.tsx(43,7): error TS7026: JSX element implicitly has type 'any' because no interface 'JSX.IntrinsicElements' exists.
components/screens/catalogos.tsx(43,88): error TS7026: JSX element implicitly has type 'any' because no interface 'JSX.IntrinsicElements' exists.
components/screens/dashboard.tsx(18,7): error TS2875: This JSX tag requires the module path 'react/jsx-runtime' to exist, but none could be found. Make sure you have types for the appropriate package installed.
components/screens/dashboard.tsx(28,38): error TS7006: Parameter 'e' implicitly has an 'any' type.
components/screens/dashboard.tsx(35,21): error TS7006: Parameter 'e' implicitly has an 'any' type.
components/screens/dashboard.tsx(42,6): error TS7006: Parameter 'a' implicitly has an 'any' type.
components/screens/dashboard.tsx(44,43): error TS7006: Parameter 'a' implicitly has an 'any' type.
components/screens/dashboard.tsx(51,7): error TS7026: JSX element implicitly has type 'any' because no interface 'JSX.IntrinsicElements' exists.
components/screens/dashboard.tsx(55,9): error TS7026: JSX element implicitly has type 'any' because no interface 'JSX.IntrinsicElements' exists.
components/screens/dashboard.tsx(55,69): error TS7026: JSX element implicitly has type 'any' because no interface 'JSX.IntrinsicElements' exists.
components/screens/dashboard.tsx(56,9): error TS7026: JSX element implicitly has type 'any' because no interface 'JSX.IntrinsicElements' exists.
components/screens/dashboard.tsx(57,11): error TS7026: JSX element implicitly has type 'any' because no interface 'JSX.IntrinsicElements' exists.
components/screens/dashboard.tsx(61,11): error TS7026: JSX element implicitly has type 'any' because no interface 'JSX.IntrinsicElements' exists.
components/screens/dashboard.tsx(62,11): error TS7026: JSX element implicitly has type 'any' because no interface 'JSX.IntrinsicElements' exists.
components/screens/dashboard.tsx(66,11): error TS7026: JSX element implicitly has type 'any' because no interface 'JSX.IntrinsicElements' exists.
components/screens/dashboard.tsx(67,11): error TS7026: JSX element implicitly has type 'any' because no interface 'JSX.IntrinsicElements' exists.
components/screens/dashboard.tsx(70,11): error TS7026: JSX element implicitly has type 'any' because no interface 'JSX.IntrinsicElements' exists.
components/screens/dashboard.tsx(71,9): error TS7026: JSX element implicitly has type 'any' because no interface 'JSX.IntrinsicElements' exists.
components/screens/dashboard.tsx(72,7): error TS7026: JSX element implicitly has type 'any' because no interface 'JSX.IntrinsicElements' exists.
components/screens/dashboard.tsx(76,9): error TS7026: JSX element implicitly has type 'any' because no interface 'JSX.IntrinsicElements' exists.
components/screens/dashboard.tsx(78,9): error TS7026: JSX element implicitly has type 'any' because no interface 'JSX.IntrinsicElements' exists.
components/screens/dashboard.tsx(81,7): error TS7026: JSX element implicitly has type 'any' because no interface 'JSX.IntrinsicElements' exists.
components/screens/dashboard.tsx(90,22): error TS2322: Type '{ key: string; modelo: ModeloGrafico; corte: any; }' is not assignable to type '{ modelo: ModeloGrafico; corte: string; onSelect?: ((f: Partial<Filtros>) => void) | undefined; }'.
  Property 'key' does not exist on type '{ modelo: ModeloGrafico; corte: string; onSelect?: ((f: Partial<Filtros>) => void) | undefined; }'.
components/screens/dashboard.tsx(92,7): error TS7026: JSX element implicitly has type 'any' because no interface 'JSX.IntrinsicElements' exists.
components/screens/dashboard.tsx(93,7): error TS7026: JSX element implicitly has type 'any' because no interface 'JSX.IntrinsicElements' exists.
components/screens/dashboard.tsx(97,7): error TS7026: JSX element implicitly has type 'any' because no interface 'JSX.IntrinsicElements' exists.
components/screens/evento-detalle.tsx(2,26): error TS2307: Cannot find module '@tanstack/react-query' or its corresponding type declarations.
components/screens/evento-detalle.tsx(74,7): error TS2875: This JSX tag requires the module path 'react/jsx-runtime' to exist, but none could be found. Make sure you have types for the appropriate package installed.
components/screens/evento-detalle.tsx(82,34): error TS7006: Parameter 'x' implicitly has an 'any' type.
components/screens/evento-detalle.tsx(86,9): error TS7026: JSX element implicitly has type 'any' because no interface 'JSX.IntrinsicElements' exists.
components/screens/evento-detalle.tsx(86,50): error TS7026: JSX element implicitly has type 'any' because no interface 'JSX.IntrinsicElements' exists.
components/screens/evento-detalle.tsx(87,9): error TS7026: JSX element implicitly has type 'any' because no interface 'JSX.IntrinsicElements' exists.
components/screens/evento-detalle.tsx(90,9): error TS7026: JSX element implicitly has type 'any' because no interface 'JSX.IntrinsicElements' exists.
components/screens/evento-detalle.tsx(91,9): error TS7026: JSX element implicitly has type 'any' because no interface 'JSX.IntrinsicElements' exists.
components/screens/evento-detalle.tsx(93,9): error TS7026: JSX element implicitly has type 'any' because no interface 'JSX.IntrinsicElements' exists.
components/screens/evento-detalle.tsx(96,44): error TS7006: Parameter 'a' implicitly has an 'any' type.
components/screens/evento-detalle.tsx(97,42): error TS7006: Parameter 'l' implicitly has an 'any' type.
components/screens/evento-detalle.tsx(107,7): error TS7026: JSX element implicitly has type 'any' because no interface 'JSX.IntrinsicElements' exists.
components/screens/evento-detalle.tsx(109,7): error TS7026: JSX element implicitly has type 'any' because no interface 'JSX.IntrinsicElements' exists.
components/screens/evento-detalle.tsx(114,7): error TS7026: JSX element implicitly has type 'any' because no interface 'JSX.IntrinsicElements' exists.
components/screens/evento-detalle.tsx(115,9): error TS7026: JSX element implicitly has type 'any' because no interface 'JSX.IntrinsicElements' exists.
components/screens/evento-detalle.tsx(115,79): error TS7026: JSX element implicitly has type 'any' because no interface 'JSX.IntrinsicElements' exists.
components/screens/evento-detalle.tsx(116,9): error TS7026: JSX element implicitly has type 'any' because no interface 'JSX.IntrinsicElements' exists.
components/screens/evento-detalle.tsx(116,89): error TS7026: JSX element implicitly has type 'any' because no interface 'JSX.IntrinsicElements' exists.
components/screens/evento-detalle.tsx(118,11): error TS7026: JSX element implicitly has type 'any' because no interface 'JSX.IntrinsicElements' exists.
components/screens/evento-detalle.tsx(120,11): error TS7026: JSX element implicitly has type 'any' because no interface 'JSX.IntrinsicElements' exists.
components/screens/evento-detalle.tsx(122,7): error TS7026: JSX element implicitly has type 'any' because no interface 'JSX.IntrinsicElements' exists.
components/screens/evento-detalle.tsx(125,9): error TS7026: JSX element implicitly has type 'any' because no interface 'JSX.IntrinsicElements' exists.
components/screens/evento-detalle.tsx(125,88): error TS7026: JSX element implicitly has type 'any' because no interface 'JSX.IntrinsicElements' exists.
components/screens/evento-detalle.tsx(126,9): error TS7026: JSX element implicitly has type 'any' because no interface 'JSX.IntrinsicElements' exists.
components/screens/evento-detalle.tsx(129,9): error TS7026: JSX element implicitly has type 'any' because no interface 'JSX.IntrinsicElements' exists.
components/screens/evento-detalle.tsx(133,9): error TS7026: JSX element implicitly has type 'any' because no interface 'JSX.IntrinsicElements' exists.
components/screens/evento-detalle.tsx(135,13): error TS7026: JSX element implicitly has type 'any' because no interface 'JSX.IntrinsicElements' exists.
components/screens/evento-detalle.tsx(136,15): error TS7026: JSX element implicitly has type 'any' because no interface 'JSX.IntrinsicElements' exists.
components/screens/evento-detalle.tsx(136,81): error TS7026: JSX element implicitly has type 'any' because no interface 'JSX.IntrinsicElements' exists.
components/screens/evento-detalle.tsx(137,15): error TS7026: JSX element implicitly has type 'any' because no interface 'JSX.IntrinsicElements' exists.
components/screens/evento-detalle.tsx(139,15): error TS7026: JSX element implicitly has type 'any' because no interface 'JSX.IntrinsicElements' exists.
components/screens/evento-detalle.tsx(140,13): error TS7026: JSX element implicitly has type 'any' because no interface 'JSX.IntrinsicElements' exists.
components/screens/evento-detalle.tsx(142,9): error TS7026: JSX element implicitly has type 'any' because no interface 'JSX.IntrinsicElements' exists.
components/screens/evento-detalle.tsx(146,9): error TS7026: JSX element implicitly has type 'any' because no interface 'JSX.IntrinsicElements' exists.
components/screens/evento-detalle.tsx(148,9): error TS7026: JSX element implicitly has type 'any' because no interface 'JSX.IntrinsicElements' exists.
components/screens/evento-detalle.tsx(149,9): error TS7026: JSX element implicitly has type 'any' because no interface 'JSX.IntrinsicElements' exists.
components/screens/evento-detalle.tsx(151,13): error TS7026: JSX element implicitly has type 'any' because no interface 'JSX.IntrinsicElements' exists.
components/screens/evento-detalle.tsx(152,15): error TS7026: JSX element implicitly has type 'any' because no interface 'JSX.IntrinsicElements' exists.
components/screens/evento-detalle.tsx(152,51): error TS7026: JSX element implicitly has type 'any' because no interface 'JSX.IntrinsicElements' exists.
components/screens/evento-detalle.tsx(153,15): error TS7026: JSX element implicitly has type 'any' because no interface 'JSX.IntrinsicElements' exists.
components/screens/evento-detalle.tsx(157,15): error TS7026: JSX element implicitly has type 'any' because no interface 'JSX.IntrinsicElements' exists.
components/screens/evento-detalle.tsx(158,13): error TS7026: JSX element implicitly has type 'any' because no interface 'JSX.IntrinsicElements' exists.
components/screens/evento-detalle.tsx(160,9): error TS7026: JSX element implicitly has type 'any' because no interface 'JSX.IntrinsicElements' exists.
components/screens/evento-detalle.tsx(161,9): error TS7026: JSX element implicitly has type 'any' because no interface 'JSX.IntrinsicElements' exists.
components/screens/evento-detalle.tsx(161,80): error TS7026: JSX element implicitly has type 'any' because no interface 'JSX.IntrinsicElements' exists.
components/screens/evento-detalle.tsx(163,11): error TS7026: JSX element implicitly has type 'any' because no interface 'JSX.IntrinsicElements' exists.
components/screens/evento-detalle.tsx(165,11): error TS7026: JSX element implicitly has type 'any' because no interface 'JSX.IntrinsicElements' exists.
components/screens/evento-detalle.tsx(167,11): error TS7026: JSX element implicitly has type 'any' because no interface 'JSX.IntrinsicElements' exists.
components/screens/evento-detalle.tsx(169,11): error TS7026: JSX element implicitly has type 'any' because no interface 'JSX.IntrinsicElements' exists.
components/screens/evento-detalle.tsx(171,11): error TS7026: JSX element implicitly has type 'any' because no interface 'JSX.IntrinsicElements' exists.
components/screens/evento-detalle.tsx(172,34): error TS7006: Parameter 'h' implicitly has an 'any' type.
components/screens/evento-detalle.tsx(173,15): error TS7026: JSX element implicitly has type 'any' because no interface 'JSX.IntrinsicElements' exists.
components/screens/evento-detalle.tsx(174,17): error TS7026: JSX element implicitly has type 'any' because no interface 'JSX.IntrinsicElements' exists.
components/screens/evento-detalle.tsx(177,17): error TS7026: JSX element implicitly has type 'any' because no interface 'JSX.IntrinsicElements' exists.
components/screens/evento-detalle.tsx(178,17): error TS7026: JSX element implicitly has type 'any' because no interface 'JSX.IntrinsicElements' exists.
components/screens/evento-detalle.tsx(178,62): error TS7026: JSX element implicitly has type 'any' because no interface 'JSX.IntrinsicElements' exists.
components/screens/evento-detalle.tsx(179,15): error TS7026: JSX element implicitly has type 'any' because no interface 'JSX.IntrinsicElements' exists.
components/screens/evento-detalle.tsx(181,11): error TS7026: JSX element implicitly has type 'any' because no interface 'JSX.IntrinsicElements' exists.
components/screens/evento-detalle.tsx(183,11): error TS7026: JSX element implicitly has type 'any' because no interface 'JSX.IntrinsicElements' exists.
components/screens/evento-detalle.tsx(185,11): error TS7026: JSX element implicitly has type 'any' because no interface 'JSX.IntrinsicElements' exists.
components/screens/evento-detalle.tsx(188,7): error TS7026: JSX element implicitly has type 'any' because no interface 'JSX.IntrinsicElements' exists.
components/screens/evento-detalle.tsx(191,26): error TS7006: Parameter 'a' implicitly has an 'any' type.
components/screens/evento-detalle.tsx(192,13): error TS7026: JSX element implicitly has type 'any' because no interface 'JSX.IntrinsicElements' exists.
components/screens/evento-detalle.tsx(196,15): error TS7026: JSX element implicitly has type 'any' because no interface 'JSX.IntrinsicElements' exists.
components/screens/evento-detalle.tsx(196,50): error TS7026: JSX element implicitly has type 'any' because no interface 'JSX.IntrinsicElements' exists.
components/screens/evento-detalle.tsx(197,15): error TS7026: JSX element implicitly has type 'any' because no interface 'JSX.IntrinsicElements' exists.
components/screens/evento-detalle.tsx(199,15): error TS7026: JSX element implicitly has type 'any' because no interface 'JSX.IntrinsicElements' exists.
components/screens/evento-detalle.tsx(201,17): error TS7026: JSX element implicitly has type 'any' because no interface 'JSX.IntrinsicElements' exists.
components/screens/evento-detalle.tsx(203,17): error TS7026: JSX element implicitly has type 'any' because no interface 'JSX.IntrinsicElements' exists.
components/screens/evento-detalle.tsx(205,13): error TS7026: JSX element implicitly has type 'any' because no interface 'JSX.IntrinsicElements' exists.
components/screens/evento-detalle.tsx(208,13): error TS7026: JSX element implicitly has type 'any' because no interface 'JSX.IntrinsicElements' exists.
components/screens/evento-detalle.tsx(208,91): error TS7026: JSX element implicitly has type 'any' because no interface 'JSX.IntrinsicElements' exists.
components/screens/evento-detalle.tsx(213,27): error TS7006: Parameter 'l' implicitly has an 'any' type.
components/screens/evento-detalle.tsx(214,13): error TS7026: JSX element implicitly has type 'any' because no interface 'JSX.IntrinsicElements' exists.
components/screens/evento-detalle.tsx(218,15): error TS7026: JSX element implicitly has type 'any' because no interface 'JSX.IntrinsicElements' exists.
components/screens/evento-detalle.tsx(218,46): error TS7026: JSX element implicitly has type 'any' because no interface 'JSX.IntrinsicElements' exists.
components/screens/evento-detalle.tsx(219,13): error TS7026: JSX element implicitly has type 'any' because no interface 'JSX.IntrinsicElements' exists.
components/screens/evento-detalle.tsx(221,33): error TS7026: JSX element implicitly has type 'any' because no interface 'JSX.IntrinsicElements' exists.
components/screens/evento-detalle.tsx(221,86): error TS7026: JSX element implicitly has type 'any' because no interface 'JSX.IntrinsicElements' exists.
components/screens/evento-detalle.tsx(223,7): error TS7026: JSX element implicitly has type 'any' because no interface 'JSX.IntrinsicElements' exists.
components/screens/evento-detalle.tsx(226,9): error TS7026: JSX element implicitly has type 'any' because no interface 'JSX.IntrinsicElements' exists.
components/screens/evento-detalle.tsx(228,9): error TS7026: JSX element implicitly has type 'any' because no interface 'JSX.IntrinsicElements' exists.
components/screens/evento-detalle.tsx(229,9): error TS7026: JSX element implicitly has type 'any' because no interface 'JSX.IntrinsicElements' exists.
components/screens/evento-detalle.tsx(232,9): error TS7026: JSX element implicitly has type 'any' because no interface 'JSX.IntrinsicElements' exists.
components/screens/eventos.tsx(2,35): error TS2307: Cannot find module 'react' or its corresponding type declarations.
components/screens/eventos.tsx(11,8): error TS2307: Cannot find module '@tanstack/react-table' or its corresponding type declarations.
components/screens/eventos.tsx(32,18): error TS7031: Binding element 'row' implicitly has an 'any' type.
components/screens/eventos.tsx(39,18): error TS7031: Binding element 'row' implicitly has an 'any' type.
components/screens/eventos.tsx(40,11): error TS7026: JSX element implicitly has type 'any' because no interface 'JSX.IntrinsicElements' exists.
components/screens/eventos.tsx(40,81): error TS7026: JSX element implicitly has type 'any' because no interface 'JSX.IntrinsicElements' exists.
components/screens/eventos.tsx(49,18): error TS7031: Binding element 'row' implicitly has an 'any' type.
components/screens/eventos.tsx(54,18): error TS7031: Binding element 'row' implicitly has an 'any' type.
components/screens/eventos.tsx(64,18): error TS7031: Binding element 'row' implicitly has an 'any' type.
components/screens/eventos.tsx(82,7): error TS2875: This JSX tag requires the module path 'react/jsx-runtime' to exist, but none could be found. Make sure you have types for the appropriate package installed.
components/screens/eventos.tsx(91,54): error TS7006: Parameter 'x' implicitly has an 'any' type.
components/screens/eventos.tsx(115,17): error TS7006: Parameter 'e' implicitly has an 'any' type.
components/screens/eventos.tsx(150,7): error TS7026: JSX element implicitly has type 'any' because no interface 'JSX.IntrinsicElements' exists.
components/screens/eventos.tsx(151,9): error TS7026: JSX element implicitly has type 'any' because no interface 'JSX.IntrinsicElements' exists.
components/screens/eventos.tsx(153,11): error TS7026: JSX element implicitly has type 'any' because no interface 'JSX.IntrinsicElements' exists.
components/screens/eventos.tsx(157,24): error TS7006: Parameter 'e' implicitly has an 'any' type.
components/screens/eventos.tsx(160,9): error TS7026: JSX element implicitly has type 'any' because no interface 'JSX.IntrinsicElements' exists.
components/screens/eventos.tsx(162,7): error TS7026: JSX element implicitly has type 'any' because no interface 'JSX.IntrinsicElements' exists.
components/screens/eventos.tsx(164,9): error TS7026: JSX element implicitly has type 'any' because no interface 'JSX.IntrinsicElements' exists.
components/screens/eventos.tsx(165,41): error TS7006: Parameter 'hg' implicitly has an 'any' type.
components/screens/eventos.tsx(166,13): error TS7026: JSX element implicitly has type 'any' because no interface 'JSX.IntrinsicElements' exists.
components/screens/eventos.tsx(167,32): error TS7006: Parameter 'h' implicitly has an 'any' type.
components/screens/eventos.tsx(168,17): error TS7026: JSX element implicitly has type 'any' because no interface 'JSX.IntrinsicElements' exists.
components/screens/eventos.tsx(178,19): error TS7026: JSX element implicitly has type 'any' because no interface 'JSX.IntrinsicElements' exists.
components/screens/eventos.tsx(189,19): error TS7026: JSX element implicitly has type 'any' because no interface 'JSX.IntrinsicElements' exists.
components/screens/eventos.tsx(190,17): error TS7026: JSX element implicitly has type 'any' because no interface 'JSX.IntrinsicElements' exists.
components/screens/eventos.tsx(192,13): error TS7026: JSX element implicitly has type 'any' because no interface 'JSX.IntrinsicElements' exists.
components/screens/eventos.tsx(194,9): error TS7026: JSX element implicitly has type 'any' because no interface 'JSX.IntrinsicElements' exists.
components/screens/eventos.tsx(195,9): error TS7026: JSX element implicitly has type 'any' because no interface 'JSX.IntrinsicElements' exists.
components/screens/eventos.tsx(196,42): error TS7006: Parameter 'row' implicitly has an 'any' type.
components/screens/eventos.tsx(197,13): error TS7026: JSX element implicitly has type 'any' because no interface 'JSX.IntrinsicElements' exists.
components/screens/eventos.tsx(198,43): error TS7006: Parameter 'cell' implicitly has an 'any' type.
components/screens/eventos.tsx(199,17): error TS7026: JSX element implicitly has type 'any' because no interface 'JSX.IntrinsicElements' exists.
components/screens/eventos.tsx(199,94): error TS7026: JSX element implicitly has type 'any' because no interface 'JSX.IntrinsicElements' exists.
components/screens/eventos.tsx(201,13): error TS7026: JSX element implicitly has type 'any' because no interface 'JSX.IntrinsicElements' exists.
components/screens/eventos.tsx(203,9): error TS7026: JSX element implicitly has type 'any' because no interface 'JSX.IntrinsicElements' exists.
components/screens/eventos.tsx(206,9): error TS7026: JSX element implicitly has type 'any' because no interface 'JSX.IntrinsicElements' exists.
components/screens/eventos.tsx(208,9): error TS7026: JSX element implicitly has type 'any' because no interface 'JSX.IntrinsicElements' exists.
components/screens/eventos.tsx(210,7): error TS7026: JSX element implicitly has type 'any' because no interface 'JSX.IntrinsicElements' exists.
components/screens/eventos.tsx(225,9): error TS7026: JSX element implicitly has type 'any' because no interface 'JSX.IntrinsicElements' exists.
components/screens/eventos.tsx(227,9): error TS7026: JSX element implicitly has type 'any' because no interface 'JSX.IntrinsicElements' exists.
components/screens/eventos.tsx(242,9): error TS7026: JSX element implicitly has type 'any' because no interface 'JSX.IntrinsicElements' exists.
components/screens/eventos.tsx(244,11): error TS7026: JSX element implicitly has type 'any' because no interface 'JSX.IntrinsicElements' exists.
components/screens/eventos.tsx(247,24): error TS7006: Parameter 'e' implicitly has an 'any' type.
components/screens/eventos.tsx(250,15): error TS7026: JSX element implicitly has type 'any' because no interface 'JSX.IntrinsicElements' exists.
components/screens/eventos.tsx(252,15): error TS7026: JSX element implicitly has type 'any' because no interface 'JSX.IntrinsicElements' exists.
components/screens/eventos.tsx(254,11): error TS7026: JSX element implicitly has type 'any' because no interface 'JSX.IntrinsicElements' exists.
components/screens/eventos.tsx(255,9): error TS7026: JSX element implicitly has type 'any' because no interface 'JSX.IntrinsicElements' exists.
components/screens/eventos.tsx(256,7): error TS7026: JSX element implicitly has type 'any' because no interface 'JSX.IntrinsicElements' exists.
components/screens/lecciones.tsx(2,18): error TS2307: Cannot find module 'fuse.js' or its corresponding type declarations.
components/screens/lecciones.tsx(3,66): error TS2307: Cannot find module 'react' or its corresponding type declarations.
components/screens/lecciones.tsx(28,24): error TS7006: Parameter 'l' implicitly has an 'any' type.
components/screens/lecciones.tsx(35,55): error TS7006: Parameter 'r' implicitly has an 'any' type.
components/screens/lecciones.tsx(36,10): error TS7006: Parameter 'l' implicitly has an 'any' type.
components/screens/lecciones.tsx(55,7): error TS2875: This JSX tag requires the module path 'react/jsx-runtime' to exist, but none could be found. Make sure you have types for the appropriate package installed.
components/screens/lecciones.tsx(65,31): error TS7006: Parameter 'x' implicitly has an 'any' type.
components/screens/lecciones.tsx(95,7): error TS7026: JSX element implicitly has type 'any' because no interface 'JSX.IntrinsicElements' exists.
components/screens/lecciones.tsx(99,9): error TS7026: JSX element implicitly has type 'any' because no interface 'JSX.IntrinsicElements' exists.
components/screens/lecciones.tsx(101,11): error TS7026: JSX element implicitly has type 'any' because no interface 'JSX.IntrinsicElements' exists.
components/screens/lecciones.tsx(104,24): error TS7006: Parameter 'e' implicitly has an 'any' type.
components/screens/lecciones.tsx(107,9): error TS7026: JSX element implicitly has type 'any' because no interface 'JSX.IntrinsicElements' exists.
components/screens/lecciones.tsx(108,9): error TS7026: JSX element implicitly has type 'any' because no interface 'JSX.IntrinsicElements' exists.
components/screens/lecciones.tsx(110,11): error TS7026: JSX element implicitly has type 'any' because no interface 'JSX.IntrinsicElements' exists.
components/screens/lecciones.tsx(113,24): error TS7006: Parameter 'e' implicitly has an 'any' type.
components/screens/lecciones.tsx(115,13): error TS7026: JSX element implicitly has type 'any' because no interface 'JSX.IntrinsicElements' exists.
components/screens/lecciones.tsx(115,35): error TS7026: JSX element implicitly has type 'any' because no interface 'JSX.IntrinsicElements' exists.
components/screens/lecciones.tsx(116,41): error TS7006: Parameter 'l' implicitly has an 'any' type.
components/screens/lecciones.tsx(117,15): error TS7026: JSX element implicitly has type 'any' because no interface 'JSX.IntrinsicElements' exists.
components/screens/lecciones.tsx(117,34): error TS7026: JSX element implicitly has type 'any' because no interface 'JSX.IntrinsicElements' exists.
components/screens/lecciones.tsx(119,11): error TS7026: JSX element implicitly has type 'any' because no interface 'JSX.IntrinsicElements' exists.
components/screens/lecciones.tsx(120,9): error TS7026: JSX element implicitly has type 'any' because no interface 'JSX.IntrinsicElements' exists.
components/screens/lecciones.tsx(121,9): error TS7026: JSX element implicitly has type 'any' because no interface 'JSX.IntrinsicElements' exists.
components/screens/lecciones.tsx(123,11): error TS7026: JSX element implicitly has type 'any' because no interface 'JSX.IntrinsicElements' exists.
components/screens/lecciones.tsx(126,24): error TS7006: Parameter 'e' implicitly has an 'any' type.
components/screens/lecciones.tsx(128,13): error TS7026: JSX element implicitly has type 'any' because no interface 'JSX.IntrinsicElements' exists.
components/screens/lecciones.tsx(128,35): error TS7026: JSX element implicitly has type 'any' because no interface 'JSX.IntrinsicElements' exists.
components/screens/lecciones.tsx(129,41): error TS7006: Parameter 'l' implicitly has an 'any' type.
components/screens/lecciones.tsx(130,15): error TS7026: JSX element implicitly has type 'any' because no interface 'JSX.IntrinsicElements' exists.
components/screens/lecciones.tsx(130,34): error TS7026: JSX element implicitly has type 'any' because no interface 'JSX.IntrinsicElements' exists.
components/screens/lecciones.tsx(132,11): error TS7026: JSX element implicitly has type 'any' because no interface 'JSX.IntrinsicElements' exists.
components/screens/lecciones.tsx(133,9): error TS7026: JSX element implicitly has type 'any' because no interface 'JSX.IntrinsicElements' exists.
components/screens/lecciones.tsx(134,9): error TS7026: JSX element implicitly has type 'any' because no interface 'JSX.IntrinsicElements' exists.
components/screens/lecciones.tsx(136,11): error TS7026: JSX element implicitly has type 'any' because no interface 'JSX.IntrinsicElements' exists.
components/screens/lecciones.tsx(139,24): error TS7006: Parameter 'e' implicitly has an 'any' type.
components/screens/lecciones.tsx(141,13): error TS7026: JSX element implicitly has type 'any' because no interface 'JSX.IntrinsicElements' exists.
components/screens/lecciones.tsx(141,35): error TS7026: JSX element implicitly has type 'any' because no interface 'JSX.IntrinsicElements' exists.
components/screens/lecciones.tsx(142,34): error TS7006: Parameter 'p' implicitly has an 'any' type.
components/screens/lecciones.tsx(143,15): error TS7026: JSX element implicitly has type 'any' because no interface 'JSX.IntrinsicElements' exists.
components/screens/lecciones.tsx(145,15): error TS7026: JSX element implicitly has type 'any' because no interface 'JSX.IntrinsicElements' exists.
components/screens/lecciones.tsx(147,11): error TS7026: JSX element implicitly has type 'any' because no interface 'JSX.IntrinsicElements' exists.
components/screens/lecciones.tsx(148,9): error TS7026: JSX element implicitly has type 'any' because no interface 'JSX.IntrinsicElements' exists.
components/screens/lecciones.tsx(152,19): error TS7026: JSX element implicitly has type 'any' because no interface 'JSX.IntrinsicElements' exists.
components/screens/lecciones.tsx(152,69): error TS7026: JSX element implicitly has type 'any' because no interface 'JSX.IntrinsicElements' exists.
components/screens/lecciones.tsx(153,7): error TS7026: JSX element implicitly has type 'any' because no interface 'JSX.IntrinsicElements' exists.
components/screens/lecciones.tsx(155,9): error TS7026: JSX element implicitly has type 'any' because no interface 'JSX.IntrinsicElements' exists.
components/screens/lecciones.tsx(157,9): error TS7026: JSX element implicitly has type 'any' because no interface 'JSX.IntrinsicElements' exists.
components/screens/lecciones.tsx(159,7): error TS7026: JSX element implicitly has type 'any' because no interface 'JSX.IntrinsicElements' exists.
components/screens/lecciones.tsx(160,26): error TS7006: Parameter 'l' implicitly has an 'any' type.
components/screens/lecciones.tsx(162,13): error TS7026: JSX element implicitly has type 'any' because no interface 'JSX.IntrinsicElements' exists.
components/screens/lecciones.tsx(164,13): error TS7026: JSX element implicitly has type 'any' because no interface 'JSX.IntrinsicElements' exists.
components/screens/lecciones.tsx(166,13): error TS7026: JSX element implicitly has type 'any' because no interface 'JSX.IntrinsicElements' exists.
components/screens/lecciones.tsx(167,15): error TS7026: JSX element implicitly has type 'any' because no interface 'JSX.IntrinsicElements' exists.
components/screens/lecciones.tsx(167,32): error TS7026: JSX element implicitly has type 'any' because no interface 'JSX.IntrinsicElements' exists.
components/screens/lecciones.tsx(168,13): error TS7026: JSX element implicitly has type 'any' because no interface 'JSX.IntrinsicElements' exists.
components/screens/lecciones.tsx(169,13): error TS7026: JSX element implicitly has type 'any' because no interface 'JSX.IntrinsicElements' exists.
components/screens/lecciones.tsx(170,15): error TS7026: JSX element implicitly has type 'any' because no interface 'JSX.IntrinsicElements' exists.
components/screens/lecciones.tsx(170,31): error TS7026: JSX element implicitly has type 'any' because no interface 'JSX.IntrinsicElements' exists.
components/screens/lecciones.tsx(171,13): error TS7026: JSX element implicitly has type 'any' because no interface 'JSX.IntrinsicElements' exists.
components/screens/lecciones.tsx(172,13): error TS7026: JSX element implicitly has type 'any' because no interface 'JSX.IntrinsicElements' exists.
components/screens/lecciones.tsx(173,15): error TS7026: JSX element implicitly has type 'any' because no interface 'JSX.IntrinsicElements' exists.
components/screens/lecciones.tsx(173,31): error TS7026: JSX element implicitly has type 'any' because no interface 'JSX.IntrinsicElements' exists.
components/screens/lecciones.tsx(174,13): error TS7026: JSX element implicitly has type 'any' because no interface 'JSX.IntrinsicElements' exists.
components/screens/lecciones.tsx(175,13): error TS7026: JSX element implicitly has type 'any' because no interface 'JSX.IntrinsicElements' exists.
components/screens/lecciones.tsx(176,15): error TS7026: JSX element implicitly has type 'any' because no interface 'JSX.IntrinsicElements' exists.
components/screens/lecciones.tsx(176,80): error TS7026: JSX element implicitly has type 'any' because no interface 'JSX.IntrinsicElements' exists.
components/screens/lecciones.tsx(177,15): error TS7026: JSX element implicitly has type 'any' because no interface 'JSX.IntrinsicElements' exists.
components/screens/lecciones.tsx(179,19): error TS7026: JSX element implicitly has type 'any' because no interface 'JSX.IntrinsicElements' exists.
components/screens/lecciones.tsx(180,21): error TS7026: JSX element implicitly has type 'any' because no interface 'JSX.IntrinsicElements' exists.
components/screens/lecciones.tsx(180,32): error TS7026: JSX element implicitly has type 'any' because no interface 'JSX.IntrinsicElements' exists.
components/screens/lecciones.tsx(181,21): error TS7026: JSX element implicitly has type 'any' because no interface 'JSX.IntrinsicElements' exists.
components/screens/lecciones.tsx(181,57): error TS7026: JSX element implicitly has type 'any' because no interface 'JSX.IntrinsicElements' exists.
components/screens/lecciones.tsx(182,19): error TS7026: JSX element implicitly has type 'any' because no interface 'JSX.IntrinsicElements' exists.
components/screens/lecciones.tsx(184,15): error TS7026: JSX element implicitly has type 'any' because no interface 'JSX.IntrinsicElements' exists.
components/screens/lecciones.tsx(185,13): error TS7026: JSX element implicitly has type 'any' because no interface 'JSX.IntrinsicElements' exists.
components/screens/lecciones.tsx(186,13): error TS7026: JSX element implicitly has type 'any' because no interface 'JSX.IntrinsicElements' exists.
components/screens/lecciones.tsx(187,15): error TS7026: JSX element implicitly has type 'any' because no interface 'JSX.IntrinsicElements' exists.
components/screens/lecciones.tsx(187,33): error TS7026: JSX element implicitly has type 'any' because no interface 'JSX.IntrinsicElements' exists.
components/screens/lecciones.tsx(188,13): error TS7026: JSX element implicitly has type 'any' because no interface 'JSX.IntrinsicElements' exists.
components/screens/lecciones.tsx(189,13): error TS7026: JSX element implicitly has type 'any' because no interface 'JSX.IntrinsicElements' exists.
components/screens/lecciones.tsx(190,15): error TS7026: JSX element implicitly has type 'any' because no interface 'JSX.IntrinsicElements' exists.
components/screens/lecciones.tsx(190,37): error TS7026: JSX element implicitly has type 'any' because no interface 'JSX.IntrinsicElements' exists.
components/screens/lecciones.tsx(191,13): error TS7026: JSX element implicitly has type 'any' because no interface 'JSX.IntrinsicElements' exists.
components/screens/lecciones.tsx(192,13): error TS7026: JSX element implicitly has type 'any' because no interface 'JSX.IntrinsicElements' exists.
components/screens/lecciones.tsx(193,33): error TS7006: Parameter 'id' implicitly has an 'any' type.
components/screens/lecciones.tsx(194,31): error TS2322: Type '{ children: any; key: any; href: string; }' is not assignable to type '{ href: string; children: ReactNode; }'.
  Property 'key' does not exist on type '{ href: string; children: ReactNode; }'.
components/screens/lecciones.tsx(198,13): error TS7026: JSX element implicitly has type 'any' because no interface 'JSX.IntrinsicElements' exists.
components/screens/lecciones.tsx(199,13): error TS7026: JSX element implicitly has type 'any' because no interface 'JSX.IntrinsicElements' exists.
components/screens/lecciones.tsx(201,13): error TS7026: JSX element implicitly has type 'any' because no interface 'JSX.IntrinsicElements' exists.
components/screens/lecciones.tsx(211,13): error TS7026: JSX element implicitly has type 'any' because no interface 'JSX.IntrinsicElements' exists.
components/screens/lecciones.tsx(214,13): error TS7026: JSX element implicitly has type 'any' because no interface 'JSX.IntrinsicElements' exists.
components/screens/lecciones.tsx(217,7): error TS7026: JSX element implicitly has type 'any' because no interface 'JSX.IntrinsicElements' exists.
components/screens/lecciones.tsx(219,9): error TS7026: JSX element implicitly has type 'any' because no interface 'JSX.IntrinsicElements' exists.
components/screens/lecciones.tsx(221,9): error TS7026: JSX element implicitly has type 'any' because no interface 'JSX.IntrinsicElements' exists.
components/screens/shared.tsx(2,18): error TS2307: Cannot find module 'next/link' or its corresponding type declarations.
components/screens/shared.tsx(3,32): error TS2307: Cannot find module 'react' or its corresponding type declarations.
components/screens/shared.tsx(9,5): error TS7026: JSX element implicitly has type 'any' because no interface 'JSX.IntrinsicElements' exists.
components/screens/shared.tsx(10,7): error TS7026: JSX element implicitly has type 'any' because no interface 'JSX.IntrinsicElements' exists.
components/screens/shared.tsx(12,7): error TS7026: JSX element implicitly has type 'any' because no interface 'JSX.IntrinsicElements' exists.
components/screens/shared.tsx(13,7): error TS7026: JSX element implicitly has type 'any' because no interface 'JSX.IntrinsicElements' exists.
components/screens/shared.tsx(13,19): error TS7026: JSX element implicitly has type 'any' because no interface 'JSX.IntrinsicElements' exists.
components/screens/shared.tsx(14,7): error TS7026: JSX element implicitly has type 'any' because no interface 'JSX.IntrinsicElements' exists.
components/screens/shared.tsx(14,87): error TS7026: JSX element implicitly has type 'any' because no interface 'JSX.IntrinsicElements' exists.
components/screens/shared.tsx(15,5): error TS7026: JSX element implicitly has type 'any' because no interface 'JSX.IntrinsicElements' exists.
components/screens/shared.tsx(29,7): error TS7026: JSX element implicitly has type 'any' because no interface 'JSX.IntrinsicElements' exists.
components/screens/shared.tsx(31,7): error TS7026: JSX element implicitly has type 'any' because no interface 'JSX.IntrinsicElements' exists.
components/screens/shared.tsx(35,7): error TS7026: JSX element implicitly has type 'any' because no interface 'JSX.IntrinsicElements' exists.
components/screens/shared.tsx(36,9): error TS7026: JSX element implicitly has type 'any' because no interface 'JSX.IntrinsicElements' exists.
components/screens/shared.tsx(36,75): error TS7026: JSX element implicitly has type 'any' because no interface 'JSX.IntrinsicElements' exists.
components/screens/shared.tsx(37,9): error TS7026: JSX element implicitly has type 'any' because no interface 'JSX.IntrinsicElements' exists.
components/screens/shared.tsx(37,52): error TS7026: JSX element implicitly has type 'any' because no interface 'JSX.IntrinsicElements' exists.
components/screens/shared.tsx(39,7): error TS7026: JSX element implicitly has type 'any' because no interface 'JSX.IntrinsicElements' exists.
components/screens/shared.tsx(57,5): error TS7026: JSX element implicitly has type 'any' because no interface 'JSX.IntrinsicElements' exists.
components/screens/shared.tsx(57,5): error TS2875: This JSX tag requires the module path 'react/jsx-runtime' to exist, but none could be found. Make sure you have types for the appropriate package installed.
components/screens/shared.tsx(63,7): error TS7026: JSX element implicitly has type 'any' because no interface 'JSX.IntrinsicElements' exists.
components/screens/shared.tsx(64,9): error TS7026: JSX element implicitly has type 'any' because no interface 'JSX.IntrinsicElements' exists.
components/screens/shared.tsx(64,46): error TS7026: JSX element implicitly has type 'any' because no interface 'JSX.IntrinsicElements' exists.
components/screens/shared.tsx(66,7): error TS7026: JSX element implicitly has type 'any' because no interface 'JSX.IntrinsicElements' exists.
components/screens/shared.tsx(67,5): error TS7026: JSX element implicitly has type 'any' because no interface 'JSX.IntrinsicElements' exists.
components/shell/app-shell.tsx(2,18): error TS2307: Cannot find module 'next/link' or its corresponding type declarations.
components/shell/app-shell.tsx(3,40): error TS2307: Cannot find module 'next/navigation' or its corresponding type declarations.
components/shell/app-shell.tsx(4,26): error TS2307: Cannot find module 'next-themes' or its corresponding type declarations.
components/shell/app-shell.tsx(5,39): error TS2307: Cannot find module 'lucide-react' or its corresponding type declarations.
components/shell/app-shell.tsx(8,32): error TS2307: Cannot find module 'react' or its corresponding type declarations.
components/shell/app-shell.tsx(20,25): error TS2875: This JSX tag requires the module path 'react/jsx-runtime' to exist, but none could be found. Make sure you have types for the appropriate package installed.
components/shell/app-shell.tsx(42,5): error TS7026: JSX element implicitly has type 'any' because no interface 'JSX.IntrinsicElements' exists.
components/shell/app-shell.tsx(43,7): error TS7026: JSX element implicitly has type 'any' because no interface 'JSX.IntrinsicElements' exists.
components/shell/app-shell.tsx(45,7): error TS7026: JSX element implicitly has type 'any' because no interface 'JSX.IntrinsicElements' exists.
components/shell/app-shell.tsx(46,7): error TS7026: JSX element implicitly has type 'any' because no interface 'JSX.IntrinsicElements' exists.
components/shell/app-shell.tsx(47,9): error TS7026: JSX element implicitly has type 'any' because no interface 'JSX.IntrinsicElements' exists.
components/shell/app-shell.tsx(50,23): error TS7006: Parameter 'e' implicitly has an 'any' type.
components/shell/app-shell.tsx(62,11): error TS7026: JSX element implicitly has type 'any' because no interface 'JSX.IntrinsicElements' exists.
components/shell/app-shell.tsx(63,13): error TS7026: JSX element implicitly has type 'any' because no interface 'JSX.IntrinsicElements' exists.
components/shell/app-shell.tsx(65,15): error TS7026: JSX element implicitly has type 'any' because no interface 'JSX.IntrinsicElements' exists.
components/shell/app-shell.tsx(69,28): error TS7006: Parameter 'e' implicitly has an 'any' type.
components/shell/app-shell.tsx(72,19): error TS7026: JSX element implicitly has type 'any' because no interface 'JSX.IntrinsicElements' exists.
components/shell/app-shell.tsx(72,38): error TS7026: JSX element implicitly has type 'any' because no interface 'JSX.IntrinsicElements' exists.
components/shell/app-shell.tsx(74,15): error TS7026: JSX element implicitly has type 'any' because no interface 'JSX.IntrinsicElements' exists.
components/shell/app-shell.tsx(75,13): error TS7026: JSX element implicitly has type 'any' because no interface 'JSX.IntrinsicElements' exists.
components/shell/app-shell.tsx(77,15): error TS7026: JSX element implicitly has type 'any' because no interface 'JSX.IntrinsicElements' exists.
components/shell/app-shell.tsx(79,17): error TS7026: JSX element implicitly has type 'any' because no interface 'JSX.IntrinsicElements' exists.
components/shell/app-shell.tsx(83,30): error TS7006: Parameter 'e' implicitly has an 'any' type.
components/shell/app-shell.tsx(87,19): error TS7026: JSX element implicitly has type 'any' because no interface 'JSX.IntrinsicElements' exists.
components/shell/app-shell.tsx(87,55): error TS7026: JSX element implicitly has type 'any' because no interface 'JSX.IntrinsicElements' exists.
components/shell/app-shell.tsx(88,46): error TS7006: Parameter 'p' implicitly has an 'any' type.
components/shell/app-shell.tsx(89,21): error TS7026: JSX element implicitly has type 'any' because no interface 'JSX.IntrinsicElements' exists.
components/shell/app-shell.tsx(91,21): error TS7026: JSX element implicitly has type 'any' because no interface 'JSX.IntrinsicElements' exists.
components/shell/app-shell.tsx(93,17): error TS7026: JSX element implicitly has type 'any' because no interface 'JSX.IntrinsicElements' exists.
components/shell/app-shell.tsx(94,15): error TS7026: JSX element implicitly has type 'any' because no interface 'JSX.IntrinsicElements' exists.
components/shell/app-shell.tsx(97,15): error TS7026: JSX element implicitly has type 'any' because no interface 'JSX.IntrinsicElements' exists.
components/shell/app-shell.tsx(99,17): error TS7026: JSX element implicitly has type 'any' because no interface 'JSX.IntrinsicElements' exists.
components/shell/app-shell.tsx(103,30): error TS7006: Parameter 'e' implicitly has an 'any' type.
components/shell/app-shell.tsx(107,19): error TS7026: JSX element implicitly has type 'any' because no interface 'JSX.IntrinsicElements' exists.
components/shell/app-shell.tsx(107,54): error TS7026: JSX element implicitly has type 'any' because no interface 'JSX.IntrinsicElements' exists.
components/shell/app-shell.tsx(111,34): error TS7006: Parameter 'a' implicitly has an 'any' type.
components/shell/app-shell.tsx(112,31): error TS7006: Parameter 'a' implicitly has an 'any' type.
components/shell/app-shell.tsx(113,34): error TS7006: Parameter 's' implicitly has an 'any' type.
components/shell/app-shell.tsx(118,23): error TS7026: JSX element implicitly has type 'any' because no interface 'JSX.IntrinsicElements' exists.
components/shell/app-shell.tsx(118,42): error TS7026: JSX element implicitly has type 'any' because no interface 'JSX.IntrinsicElements' exists.
components/shell/app-shell.tsx(120,17): error TS7026: JSX element implicitly has type 'any' because no interface 'JSX.IntrinsicElements' exists.
components/shell/app-shell.tsx(121,15): error TS7026: JSX element implicitly has type 'any' because no interface 'JSX.IntrinsicElements' exists.
components/shell/app-shell.tsx(130,15): error TS7026: JSX element implicitly has type 'any' because no interface 'JSX.IntrinsicElements' exists.
components/shell/app-shell.tsx(130,53): error TS7026: JSX element implicitly has type 'any' because no interface 'JSX.IntrinsicElements' exists.
components/shell/app-shell.tsx(132,11): error TS7026: JSX element implicitly has type 'any' because no interface 'JSX.IntrinsicElements' exists.
components/shell/app-shell.tsx(133,9): error TS7026: JSX element implicitly has type 'any' because no interface 'JSX.IntrinsicElements' exists.
components/shell/app-shell.tsx(134,7): error TS7026: JSX element implicitly has type 'any' because no interface 'JSX.IntrinsicElements' exists.
components/shell/app-shell.tsx(135,7): error TS7026: JSX element implicitly has type 'any' because no interface 'JSX.IntrinsicElements' exists.
components/shell/app-shell.tsx(136,9): error TS7026: JSX element implicitly has type 'any' because no interface 'JSX.IntrinsicElements' exists.
components/shell/app-shell.tsx(137,11): error TS7026: JSX element implicitly has type 'any' because no interface 'JSX.IntrinsicElements' exists.
components/shell/app-shell.tsx(139,11): error TS7026: JSX element implicitly has type 'any' because no interface 'JSX.IntrinsicElements' exists.
components/shell/app-shell.tsx(140,11): error TS7026: JSX element implicitly has type 'any' because no interface 'JSX.IntrinsicElements' exists.
components/shell/app-shell.tsx(146,29): error TS7006: Parameter 'event' implicitly has an 'any' type.
components/shell/app-shell.tsx(161,11): error TS7026: JSX element implicitly has type 'any' because no interface 'JSX.IntrinsicElements' exists.
components/shell/app-shell.tsx(162,11): error TS7026: JSX element implicitly has type 'any' because no interface 'JSX.IntrinsicElements' exists.
components/shell/app-shell.tsx(164,11): error TS7026: JSX element implicitly has type 'any' because no interface 'JSX.IntrinsicElements' exists.
components/shell/app-shell.tsx(165,9): error TS7026: JSX element implicitly has type 'any' because no interface 'JSX.IntrinsicElements' exists.
components/shell/app-shell.tsx(166,9): error TS7026: JSX element implicitly has type 'any' because no interface 'JSX.IntrinsicElements' exists.
components/shell/app-shell.tsx(167,11): error TS7026: JSX element implicitly has type 'any' because no interface 'JSX.IntrinsicElements' exists.
components/shell/app-shell.tsx(168,13): error TS7026: JSX element implicitly has type 'any' because no interface 'JSX.IntrinsicElements' exists.
components/shell/app-shell.tsx(168,91): error TS7026: JSX element implicitly has type 'any' because no interface 'JSX.IntrinsicElements' exists.
components/shell/app-shell.tsx(169,13): error TS7026: JSX element implicitly has type 'any' because no interface 'JSX.IntrinsicElements' exists.
components/shell/app-shell.tsx(173,13): error TS7026: JSX element implicitly has type 'any' because no interface 'JSX.IntrinsicElements' exists.
components/shell/app-shell.tsx(174,11): error TS7026: JSX element implicitly has type 'any' because no interface 'JSX.IntrinsicElements' exists.
components/shell/app-shell.tsx(177,13): error TS7026: JSX element implicitly has type 'any' because no interface 'JSX.IntrinsicElements' exists.
components/shell/app-shell.tsx(179,13): error TS7026: JSX element implicitly has type 'any' because no interface 'JSX.IntrinsicElements' exists.
components/shell/app-shell.tsx(182,13): error TS7026: JSX element implicitly has type 'any' because no interface 'JSX.IntrinsicElements' exists.
components/shell/app-shell.tsx(182,67): error TS7026: JSX element implicitly has type 'any' because no interface 'JSX.IntrinsicElements' exists.
components/shell/app-shell.tsx(186,13): error TS7026: JSX element implicitly has type 'any' because no interface 'JSX.IntrinsicElements' exists.
components/shell/app-shell.tsx(187,15): error TS7026: JSX element implicitly has type 'any' because no interface 'JSX.IntrinsicElements' exists.
components/shell/app-shell.tsx(187,64): error TS7026: JSX element implicitly has type 'any' because no interface 'JSX.IntrinsicElements' exists.
components/shell/app-shell.tsx(188,15): error TS7026: JSX element implicitly has type 'any' because no interface 'JSX.IntrinsicElements' exists.
components/shell/app-shell.tsx(188,69): error TS7026: JSX element implicitly has type 'any' because no interface 'JSX.IntrinsicElements' exists.
components/shell/app-shell.tsx(193,29): error TS7006: Parameter 'e' implicitly has an 'any' type.
components/shell/app-shell.tsx(203,13): error TS7026: JSX element implicitly has type 'any' because no interface 'JSX.IntrinsicElements' exists.
components/shell/app-shell.tsx(205,11): error TS7026: JSX element implicitly has type 'any' because no interface 'JSX.IntrinsicElements' exists.
components/shell/app-shell.tsx(211,25): error TS7006: Parameter 'e' implicitly has an 'any' type.
components/shell/app-shell.tsx(220,11): error TS7026: JSX element implicitly has type 'any' because no interface 'JSX.IntrinsicElements' exists.
components/shell/app-shell.tsx(221,9): error TS7026: JSX element implicitly has type 'any' because no interface 'JSX.IntrinsicElements' exists.
components/shell/app-shell.tsx(222,7): error TS7026: JSX element implicitly has type 'any' because no interface 'JSX.IntrinsicElements' exists.
components/shell/app-shell.tsx(223,5): error TS7026: JSX element implicitly has type 'any' because no interface 'JSX.IntrinsicElements' exists.
components/shell/filtro-chips.tsx(36,12): error TS7026: JSX element implicitly has type 'any' because no interface 'JSX.IntrinsicElements' exists.
components/shell/filtro-chips.tsx(36,12): error TS2875: This JSX tag requires the module path 'react/jsx-runtime' to exist, but none could be found. Make sure you have types for the appropriate package installed.
components/shell/filtro-chips.tsx(36,82): error TS7026: JSX element implicitly has type 'any' because no interface 'JSX.IntrinsicElements' exists.
components/shell/filtro-chips.tsx(38,5): error TS7026: JSX element implicitly has type 'any' because no interface 'JSX.IntrinsicElements' exists.
components/shell/filtro-chips.tsx(42,13): error TS7026: JSX element implicitly has type 'any' because no interface 'JSX.IntrinsicElements' exists.
components/shell/filtro-chips.tsx(49,52): error TS7026: JSX element implicitly has type 'any' because no interface 'JSX.IntrinsicElements' exists.
components/shell/filtro-chips.tsx(49,78): error TS7026: JSX element implicitly has type 'any' because no interface 'JSX.IntrinsicElements' exists.
components/shell/filtro-chips.tsx(50,13): error TS7026: JSX element implicitly has type 'any' because no interface 'JSX.IntrinsicElements' exists.
components/shell/filtro-chips.tsx(70,13): error TS7026: JSX element implicitly has type 'any' because no interface 'JSX.IntrinsicElements' exists.
components/shell/filtro-chips.tsx(83,15): error TS7026: JSX element implicitly has type 'any' because no interface 'JSX.IntrinsicElements' exists.
components/shell/filtro-chips.tsx(85,15): error TS7026: JSX element implicitly has type 'any' because no interface 'JSX.IntrinsicElements' exists.
components/shell/filtro-chips.tsx(86,15): error TS7026: JSX element implicitly has type 'any' because no interface 'JSX.IntrinsicElements' exists.
components/shell/filtro-chips.tsx(86,41): error TS7026: JSX element implicitly has type 'any' because no interface 'JSX.IntrinsicElements' exists.
components/shell/filtro-chips.tsx(87,13): error TS7026: JSX element implicitly has type 'any' because no interface 'JSX.IntrinsicElements' exists.
components/shell/filtro-chips.tsx(91,5): error TS7026: JSX element implicitly has type 'any' because no interface 'JSX.IntrinsicElements' exists.
components/shell/filtros-panel.tsx(28,5): error TS7026: JSX element implicitly has type 'any' because no interface 'JSX.IntrinsicElements' exists.
components/shell/filtros-panel.tsx(30,7): error TS7026: JSX element implicitly has type 'any' because no interface 'JSX.IntrinsicElements' exists.
components/shell/filtros-panel.tsx(35,20): error TS7006: Parameter 'e' implicitly has an 'any' type.
components/shell/filtros-panel.tsx(40,11): error TS7026: JSX element implicitly has type 'any' because no interface 'JSX.IntrinsicElements' exists.
components/shell/filtros-panel.tsx(42,11): error TS7026: JSX element implicitly has type 'any' because no interface 'JSX.IntrinsicElements' exists.
components/shell/filtros-panel.tsx(44,7): error TS7026: JSX element implicitly has type 'any' because no interface 'JSX.IntrinsicElements' exists.
components/shell/filtros-panel.tsx(45,5): error TS7026: JSX element implicitly has type 'any' because no interface 'JSX.IntrinsicElements' exists.
components/shell/filtros-panel.tsx(70,34): error TS7006: Parameter 'e' implicitly has an 'any' type.
components/shell/filtros-panel.tsx(73,5): error TS7026: JSX element implicitly has type 'any' because no interface 'JSX.IntrinsicElements' exists.
components/shell/filtros-panel.tsx(73,5): error TS2875: This JSX tag requires the module path 'react/jsx-runtime' to exist, but none could be found. Make sure you have types for the appropriate package installed.
components/shell/filtros-panel.tsx(77,7): error TS7026: JSX element implicitly has type 'any' because no interface 'JSX.IntrinsicElements' exists.
components/shell/filtros-panel.tsx(78,9): error TS7026: JSX element implicitly has type 'any' because no interface 'JSX.IntrinsicElements' exists.
components/shell/filtros-panel.tsx(85,24): error TS7006: Parameter 'e' implicitly has an 'any' type.
components/shell/filtros-panel.tsx(87,9): error TS7026: JSX element implicitly has type 'any' because no interface 'JSX.IntrinsicElements' exists.
components/shell/filtros-panel.tsx(88,9): error TS7026: JSX element implicitly has type 'any' because no interface 'JSX.IntrinsicElements' exists.
components/shell/filtros-panel.tsx(90,11): error TS7026: JSX element implicitly has type 'any' because no interface 'JSX.IntrinsicElements' exists.
components/shell/filtros-panel.tsx(93,24): error TS7006: Parameter 'e' implicitly has an 'any' type.
components/shell/filtros-panel.tsx(95,13): error TS7026: JSX element implicitly has type 'any' because no interface 'JSX.IntrinsicElements' exists.
components/shell/filtros-panel.tsx(95,49): error TS7026: JSX element implicitly has type 'any' because no interface 'JSX.IntrinsicElements' exists.
components/shell/filtros-panel.tsx(96,13): error TS7026: JSX element implicitly has type 'any' because no interface 'JSX.IntrinsicElements' exists.
components/shell/filtros-panel.tsx(96,62): error TS7026: JSX element implicitly has type 'any' because no interface 'JSX.IntrinsicElements' exists.
components/shell/filtros-panel.tsx(97,13): error TS7026: JSX element implicitly has type 'any' because no interface 'JSX.IntrinsicElements' exists.
components/shell/filtros-panel.tsx(97,69): error TS7026: JSX element implicitly has type 'any' because no interface 'JSX.IntrinsicElements' exists.
components/shell/filtros-panel.tsx(98,11): error TS7026: JSX element implicitly has type 'any' because no interface 'JSX.IntrinsicElements' exists.
components/shell/filtros-panel.tsx(99,9): error TS7026: JSX element implicitly has type 'any' because no interface 'JSX.IntrinsicElements' exists.
components/shell/filtros-panel.tsx(103,7): error TS7026: JSX element implicitly has type 'any' because no interface 'JSX.IntrinsicElements' exists.
components/shell/filtros-panel.tsx(104,7): error TS7026: JSX element implicitly has type 'any' because no interface 'JSX.IntrinsicElements' exists.
components/shell/filtros-panel.tsx(105,9): error TS7026: JSX element implicitly has type 'any' because no interface 'JSX.IntrinsicElements' exists.
components/shell/filtros-panel.tsx(107,9): error TS7026: JSX element implicitly has type 'any' because no interface 'JSX.IntrinsicElements' exists.
components/shell/filtros-panel.tsx(108,9): error TS7026: JSX element implicitly has type 'any' because no interface 'JSX.IntrinsicElements' exists.
components/shell/filtros-panel.tsx(111,9): error TS7026: JSX element implicitly has type 'any' because no interface 'JSX.IntrinsicElements' exists.
components/shell/filtros-panel.tsx(112,9): error TS7026: JSX element implicitly has type 'any' because no interface 'JSX.IntrinsicElements' exists.
components/shell/filtros-panel.tsx(116,13): error TS2322: Type '{ valor: unknown; texto: string; }[]' is not assignable to type '{ valor: Valor; texto: string; }[]'.
  Type '{ valor: unknown; texto: string; }' is not assignable to type '{ valor: Valor; texto: string; }'.
    Types of property 'valor' are incompatible.
      Type 'unknown' is not assignable to type 'Valor'.
components/shell/filtros-panel.tsx(116,50): error TS7006: Parameter 'e' implicitly has an 'any' type.
components/shell/filtros-panel.tsx(117,31): error TS18046: 'c' is of type 'unknown'.
components/shell/filtros-panel.tsx(117,35): error TS18046: 'a' is of type 'unknown'.
components/shell/filtros-panel.tsx(136,40): error TS7006: Parameter 'p' implicitly has an 'any' type.
components/shell/filtros-panel.tsx(178,45): error TS7006: Parameter 'e' implicitly has an 'any' type.
components/shell/filtros-panel.tsx(184,45): error TS7006: Parameter 'e' implicitly has an 'any' type.
components/shell/filtros-panel.tsx(190,38): error TS7006: Parameter 'e' implicitly has an 'any' type.
components/shell/filtros-panel.tsx(199,58): error TS7006: Parameter 'v' implicitly has an 'any' type.
components/shell/filtros-panel.tsx(205,46): error TS7006: Parameter 'a' implicitly has an 'any' type.
components/shell/filtros-panel.tsx(220,11): error TS7026: JSX element implicitly has type 'any' because no interface 'JSX.IntrinsicElements' exists.
components/shell/filtros-panel.tsx(222,13): error TS7026: JSX element implicitly has type 'any' because no interface 'JSX.IntrinsicElements' exists.
components/shell/filtros-panel.tsx(225,26): error TS7006: Parameter 'e' implicitly has an 'any' type.
components/shell/filtros-panel.tsx(236,15): error TS7026: JSX element implicitly has type 'any' because no interface 'JSX.IntrinsicElements' exists.
components/shell/filtros-panel.tsx(236,42): error TS7026: JSX element implicitly has type 'any' because no interface 'JSX.IntrinsicElements' exists.
components/shell/filtros-panel.tsx(237,15): error TS7026: JSX element implicitly has type 'any' because no interface 'JSX.IntrinsicElements' exists.
components/shell/filtros-panel.tsx(237,46): error TS7026: JSX element implicitly has type 'any' because no interface 'JSX.IntrinsicElements' exists.
components/shell/filtros-panel.tsx(238,15): error TS7026: JSX element implicitly has type 'any' because no interface 'JSX.IntrinsicElements' exists.
components/shell/filtros-panel.tsx(238,79): error TS7026: JSX element implicitly has type 'any' because no interface 'JSX.IntrinsicElements' exists.
components/shell/filtros-panel.tsx(239,15): error TS7026: JSX element implicitly has type 'any' because no interface 'JSX.IntrinsicElements' exists.
components/shell/filtros-panel.tsx(239,68): error TS7026: JSX element implicitly has type 'any' because no interface 'JSX.IntrinsicElements' exists.
components/shell/filtros-panel.tsx(240,13): error TS7026: JSX element implicitly has type 'any' because no interface 'JSX.IntrinsicElements' exists.
components/shell/filtros-panel.tsx(241,11): error TS7026: JSX element implicitly has type 'any' because no interface 'JSX.IntrinsicElements' exists.
components/shell/filtros-panel.tsx(242,9): error TS7026: JSX element implicitly has type 'any' because no interface 'JSX.IntrinsicElements' exists.
components/shell/filtros-panel.tsx(243,7): error TS7026: JSX element implicitly has type 'any' because no interface 'JSX.IntrinsicElements' exists.
components/shell/filtros-panel.tsx(245,5): error TS7026: JSX element implicitly has type 'any' because no interface 'JSX.IntrinsicElements' exists.
components/shell/filtros-url-sync.tsx(2,27): error TS2307: Cannot find module 'react' or its corresponding type declarations.
components/shell/filtros-url-sync.tsx(3,33): error TS2307: Cannot find module 'next/navigation' or its corresponding type declarations.
components/shell/filtros-url-sync.tsx(14,24): error TS7006: Parameter 'state' implicitly has an 'any' type.
components/shell/filtros-url-sync.tsx(14,31): error TS7006: Parameter 'previous' implicitly has an 'any' type.
components/shell/quality-notice.tsx(2,44): error TS2307: Cannot find module 'react' or its corresponding type declarations.
components/shell/quality-notice.tsx(31,5): error TS7026: JSX element implicitly has type 'any' because no interface 'JSX.IntrinsicElements' exists.
components/shell/quality-notice.tsx(31,5): error TS2875: This JSX tag requires the module path 'react/jsx-runtime' to exist, but none could be found. Make sure you have types for the appropriate package installed.
components/shell/quality-notice.tsx(35,7): error TS7026: JSX element implicitly has type 'any' because no interface 'JSX.IntrinsicElements' exists.
components/shell/quality-notice.tsx(50,7): error TS7026: JSX element implicitly has type 'any' because no interface 'JSX.IntrinsicElements' exists.
components/shell/quality-notice.tsx(51,7): error TS7026: JSX element implicitly has type 'any' because no interface 'JSX.IntrinsicElements' exists.
components/shell/quality-notice.tsx(52,9): error TS7026: JSX element implicitly has type 'any' because no interface 'JSX.IntrinsicElements' exists.
components/shell/quality-notice.tsx(54,13): error TS7026: JSX element implicitly has type 'any' because no interface 'JSX.IntrinsicElements' exists.
components/shell/quality-notice.tsx(54,36): error TS7026: JSX element implicitly has type 'any' because no interface 'JSX.IntrinsicElements' exists.
components/shell/quality-notice.tsx(56,9): error TS7026: JSX element implicitly has type 'any' because no interface 'JSX.IntrinsicElements' exists.
components/shell/quality-notice.tsx(57,7): error TS7026: JSX element implicitly has type 'any' because no interface 'JSX.IntrinsicElements' exists.
components/shell/quality-notice.tsx(58,5): error TS7026: JSX element implicitly has type 'any' because no interface 'JSX.IntrinsicElements' exists.
components/three/atmosphere.tsx(2,44): error TS2307: Cannot find module 'react' or its corresponding type declarations.
components/three/atmosphere.tsx(3,26): error TS2307: Cannot find module '@react-three/fiber' or its corresponding type declarations.
components/three/atmosphere.tsx(4,91): error TS2307: Cannot find module 'three' or its corresponding type declarations.
components/three/atmosphere.tsx(32,13): error TS7006: Parameter '_state' implicitly has an 'any' type.
components/three/atmosphere.tsx(32,21): error TS7006: Parameter 'delta' implicitly has an 'any' type.
components/three/atmosphere.tsx(37,5): error TS7026: JSX element implicitly has type 'any' because no interface 'JSX.IntrinsicElements' exists.
components/three/atmosphere.tsx(38,7): error TS7026: JSX element implicitly has type 'any' because no interface 'JSX.IntrinsicElements' exists.
components/three/atmosphere.tsx(39,7): error TS7026: JSX element implicitly has type 'any' because no interface 'JSX.IntrinsicElements' exists.
components/three/atmosphere.tsx(48,5): error TS7026: JSX element implicitly has type 'any' because no interface 'JSX.IntrinsicElements' exists.
components/three/atmosphere.tsx(53,5): error TS7026: JSX element implicitly has type 'any' because no interface 'JSX.IntrinsicElements' exists.
components/three/atmosphere.tsx(55,20): error TS2322: Type '{ key: number; z: number; opacity: number; moving: boolean; }' is not assignable to type '{ z: number; opacity: number; moving: boolean; }'.
  Property 'key' does not exist on type '{ z: number; opacity: number; moving: boolean; }'.
components/three/atmosphere.tsx(57,5): error TS7026: JSX element implicitly has type 'any' because no interface 'JSX.IntrinsicElements' exists.
components/three/atmosphere.tsx(74,13): error TS7006: Parameter '_state' implicitly has an 'any' type.
components/three/atmosphere.tsx(74,21): error TS7006: Parameter 'delta' implicitly has an 'any' type.
components/three/atmosphere.tsx(81,5): error TS7026: JSX element implicitly has type 'any' because no interface 'JSX.IntrinsicElements' exists.
components/three/atmosphere.tsx(82,7): error TS7026: JSX element implicitly has type 'any' because no interface 'JSX.IntrinsicElements' exists.
components/three/atmosphere.tsx(83,9): error TS7026: JSX element implicitly has type 'any' because no interface 'JSX.IntrinsicElements' exists.
components/three/atmosphere.tsx(91,7): error TS7026: JSX element implicitly has type 'any' because no interface 'JSX.IntrinsicElements' exists.
components/three/atmosphere.tsx(92,5): error TS7026: JSX element implicitly has type 'any' because no interface 'JSX.IntrinsicElements' exists.
components/three/atmosphere.tsx(98,5): error TS2875: This JSX tag requires the module path 'react/jsx-runtime' to exist, but none could be found. Make sure you have types for the appropriate package installed.
components/three/camera-rig.tsx(2,51): error TS2307: Cannot find module 'react' or its corresponding type declarations.
components/three/camera-rig.tsx(3,36): error TS2307: Cannot find module '@react-three/fiber' or its corresponding type declarations.
components/three/camera-rig.tsx(4,22): error TS2307: Cannot find module 'gsap' or its corresponding type declarations.
components/three/camera-rig.tsx(5,31): error TS2307: Cannot find module 'gsap/ScrollTrigger' or its corresponding type declarations.
components/three/camera-rig.tsx(6,25): error TS2307: Cannot find module 'three' or its corresponding type declarations.
components/three/camera-rig.tsx(76,13): error TS7006: Parameter '_state' implicitly has an 'any' type.
components/three/camera-rig.tsx(76,21): error TS7006: Parameter 'delta' implicitly has an 'any' type.
components/three/data-moments.tsx(2,93): error TS2307: Cannot find module 'react' or its corresponding type declarations.
components/three/data-moments.tsx(3,36): error TS2307: Cannot find module '@react-three/fiber' or its corresponding type declarations.
components/three/data-moments.tsx(12,8): error TS2307: Cannot find module 'three' or its corresponding type declarations.
components/three/data-moments.tsx(55,5): error TS7026: JSX element implicitly has type 'any' because no interface 'JSX.IntrinsicElements' exists.
components/three/data-moments.tsx(61,17): error TS7026: JSX element implicitly has type 'any' because no interface 'JSX.IntrinsicElements' exists.
components/three/data-moments.tsx(61,55): error TS7026: JSX element implicitly has type 'any' because no interface 'JSX.IntrinsicElements' exists.
components/three/data-moments.tsx(63,9): error TS7026: JSX element implicitly has type 'any' because no interface 'JSX.IntrinsicElements' exists.
components/three/data-moments.tsx(65,9): error TS7026: JSX element implicitly has type 'any' because no interface 'JSX.IntrinsicElements' exists.
components/three/data-moments.tsx(67,5): error TS7026: JSX element implicitly has type 'any' because no interface 'JSX.IntrinsicElements' exists.
components/three/data-moments.tsx(129,5): error TS7026: JSX element implicitly has type 'any' because no interface 'JSX.IntrinsicElements' exists.
components/three/data-moments.tsx(130,7): error TS7026: JSX element implicitly has type 'any' because no interface 'JSX.IntrinsicElements' exists.
components/three/data-moments.tsx(131,7): error TS7026: JSX element implicitly has type 'any' because no interface 'JSX.IntrinsicElements' exists.
components/three/data-moments.tsx(132,5): error TS7026: JSX element implicitly has type 'any' because no interface 'JSX.IntrinsicElements' exists.
components/three/data-moments.tsx(145,5): error TS7026: JSX element implicitly has type 'any' because no interface 'JSX.IntrinsicElements' exists.
components/three/data-moments.tsx(147,9): error TS7026: JSX element implicitly has type 'any' because no interface 'JSX.IntrinsicElements' exists.
components/three/data-moments.tsx(148,11): error TS7026: JSX element implicitly has type 'any' because no interface 'JSX.IntrinsicElements' exists.
components/three/data-moments.tsx(149,11): error TS7026: JSX element implicitly has type 'any' because no interface 'JSX.IntrinsicElements' exists.
components/three/data-moments.tsx(150,9): error TS7026: JSX element implicitly has type 'any' because no interface 'JSX.IntrinsicElements' exists.
components/three/data-moments.tsx(152,7): error TS7026: JSX element implicitly has type 'any' because no interface 'JSX.IntrinsicElements' exists.
components/three/data-moments.tsx(153,9): error TS7026: JSX element implicitly has type 'any' because no interface 'JSX.IntrinsicElements' exists.
components/three/data-moments.tsx(154,9): error TS7026: JSX element implicitly has type 'any' because no interface 'JSX.IntrinsicElements' exists.
components/three/data-moments.tsx(160,7): error TS7026: JSX element implicitly has type 'any' because no interface 'JSX.IntrinsicElements' exists.
components/three/data-moments.tsx(161,7): error TS7026: JSX element implicitly has type 'any' because no interface 'JSX.IntrinsicElements' exists.
components/three/data-moments.tsx(162,9): error TS7026: JSX element implicitly has type 'any' because no interface 'JSX.IntrinsicElements' exists.
components/three/data-moments.tsx(163,9): error TS7026: JSX element implicitly has type 'any' because no interface 'JSX.IntrinsicElements' exists.
components/three/data-moments.tsx(164,7): error TS7026: JSX element implicitly has type 'any' because no interface 'JSX.IntrinsicElements' exists.
components/three/data-moments.tsx(165,5): error TS7026: JSX element implicitly has type 'any' because no interface 'JSX.IntrinsicElements' exists.
components/three/data-moments.tsx(180,15): error TS7031: Binding element 'clock' implicitly has an 'any' type.
components/three/data-moments.tsx(186,5): error TS7026: JSX element implicitly has type 'any' because no interface 'JSX.IntrinsicElements' exists.
components/three/data-moments.tsx(187,7): error TS7026: JSX element implicitly has type 'any' because no interface 'JSX.IntrinsicElements' exists.
components/three/data-moments.tsx(188,9): error TS7026: JSX element implicitly has type 'any' because no interface 'JSX.IntrinsicElements' exists.
components/three/data-moments.tsx(189,9): error TS7026: JSX element implicitly has type 'any' because no interface 'JSX.IntrinsicElements' exists.
components/three/data-moments.tsx(190,7): error TS7026: JSX element implicitly has type 'any' because no interface 'JSX.IntrinsicElements' exists.
components/three/data-moments.tsx(191,7): error TS7026: JSX element implicitly has type 'any' because no interface 'JSX.IntrinsicElements' exists.
components/three/data-moments.tsx(192,9): error TS7026: JSX element implicitly has type 'any' because no interface 'JSX.IntrinsicElements' exists.
components/three/data-moments.tsx(193,9): error TS7026: JSX element implicitly has type 'any' because no interface 'JSX.IntrinsicElements' exists.
components/three/data-moments.tsx(194,7): error TS7026: JSX element implicitly has type 'any' because no interface 'JSX.IntrinsicElements' exists.
components/three/data-moments.tsx(195,7): error TS7026: JSX element implicitly has type 'any' because no interface 'JSX.IntrinsicElements' exists.
components/three/data-moments.tsx(196,9): error TS7026: JSX element implicitly has type 'any' because no interface 'JSX.IntrinsicElements' exists.
components/three/data-moments.tsx(197,9): error TS7026: JSX element implicitly has type 'any' because no interface 'JSX.IntrinsicElements' exists.
components/three/data-moments.tsx(198,7): error TS7026: JSX element implicitly has type 'any' because no interface 'JSX.IntrinsicElements' exists.
components/three/data-moments.tsx(199,7): error TS7026: JSX element implicitly has type 'any' because no interface 'JSX.IntrinsicElements' exists.
components/three/data-moments.tsx(200,9): error TS7026: JSX element implicitly has type 'any' because no interface 'JSX.IntrinsicElements' exists.
components/three/data-moments.tsx(201,9): error TS7026: JSX element implicitly has type 'any' because no interface 'JSX.IntrinsicElements' exists.
components/three/data-moments.tsx(202,7): error TS7026: JSX element implicitly has type 'any' because no interface 'JSX.IntrinsicElements' exists.
components/three/data-moments.tsx(210,5): error TS7026: JSX element implicitly has type 'any' because no interface 'JSX.IntrinsicElements' exists.
components/three/data-moments.tsx(215,5): error TS7026: JSX element implicitly has type 'any' because no interface 'JSX.IntrinsicElements' exists.
components/three/data-moments.tsx(216,7): error TS7026: JSX element implicitly has type 'any' because no interface 'JSX.IntrinsicElements' exists.
components/three/data-moments.tsx(217,7): error TS7026: JSX element implicitly has type 'any' because no interface 'JSX.IntrinsicElements' exists.
components/three/data-moments.tsx(223,5): error TS7026: JSX element implicitly has type 'any' because no interface 'JSX.IntrinsicElements' exists.
components/three/data-moments.tsx(244,5): error TS7026: JSX element implicitly has type 'any' because no interface 'JSX.IntrinsicElements' exists.
components/three/data-moments.tsx(246,5): error TS7026: JSX element implicitly has type 'any' because no interface 'JSX.IntrinsicElements' exists.
components/three/data-moments.tsx(263,28): error TS7006: Parameter 'x' implicitly has an 'any' type.
components/three/data-moments.tsx(267,28): error TS7006: Parameter 'x' implicitly has an 'any' type.
components/three/data-moments.tsx(271,5): error TS7026: JSX element implicitly has type 'any' because no interface 'JSX.IntrinsicElements' exists.
components/three/data-moments.tsx(271,5): error TS2875: This JSX tag requires the module path 'react/jsx-runtime' to exist, but none could be found. Make sure you have types for the appropriate package installed.
components/three/data-moments.tsx(290,13): error TS7026: JSX element implicitly has type 'any' because no interface 'JSX.IntrinsicElements' exists.
components/three/data-moments.tsx(295,15): error TS7026: JSX element implicitly has type 'any' because no interface 'JSX.IntrinsicElements' exists.
components/three/data-moments.tsx(296,15): error TS7026: JSX element implicitly has type 'any' because no interface 'JSX.IntrinsicElements' exists.
components/three/data-moments.tsx(297,13): error TS7026: JSX element implicitly has type 'any' because no interface 'JSX.IntrinsicElements' exists.
components/three/data-moments.tsx(323,26): error TS7006: Parameter 'p' implicitly has an 'any' type.
components/three/data-moments.tsx(324,11): error TS7026: JSX element implicitly has type 'any' because no interface 'JSX.IntrinsicElements' exists.
components/three/data-moments.tsx(338,11): error TS7026: JSX element implicitly has type 'any' because no interface 'JSX.IntrinsicElements' exists.
components/three/data-moments.tsx(347,27): error TS7006: Parameter 'v' implicitly has an 'any' type.
components/three/data-moments.tsx(347,30): error TS7006: Parameter 'i' implicitly has an 'any' type.
components/three/data-moments.tsx(348,11): error TS7026: JSX element implicitly has type 'any' because no interface 'JSX.IntrinsicElements' exists.
components/three/data-moments.tsx(353,13): error TS7026: JSX element implicitly has type 'any' because no interface 'JSX.IntrinsicElements' exists.
components/three/data-moments.tsx(354,15): error TS7026: JSX element implicitly has type 'any' because no interface 'JSX.IntrinsicElements' exists.
components/three/data-moments.tsx(355,15): error TS7026: JSX element implicitly has type 'any' because no interface 'JSX.IntrinsicElements' exists.
components/three/data-moments.tsx(356,13): error TS7026: JSX element implicitly has type 'any' because no interface 'JSX.IntrinsicElements' exists.
components/three/data-moments.tsx(365,13): error TS7026: JSX element implicitly has type 'any' because no interface 'JSX.IntrinsicElements' exists.
components/three/data-moments.tsx(366,15): error TS7026: JSX element implicitly has type 'any' because no interface 'JSX.IntrinsicElements' exists.
components/three/data-moments.tsx(367,15): error TS7026: JSX element implicitly has type 'any' because no interface 'JSX.IntrinsicElements' exists.
components/three/data-moments.tsx(368,13): error TS7026: JSX element implicitly has type 'any' because no interface 'JSX.IntrinsicElements' exists.
components/three/data-moments.tsx(369,11): error TS7026: JSX element implicitly has type 'any' because no interface 'JSX.IntrinsicElements' exists.
components/three/data-moments.tsx(380,13): error TS2322: Type '{ key: string; id: string; index: number; pulse: boolean; position: [number, number, number]; }' is not assignable to type '{ position: Vec3; id: string; index: number; pulse: boolean; }'.
  Property 'key' does not exist on type '{ position: Vec3; id: string; index: number; pulse: boolean; }'.
components/three/data-moments.tsx(404,9): error TS7026: JSX element implicitly has type 'any' because no interface 'JSX.IntrinsicElements' exists.
components/three/data-moments.tsx(405,11): error TS7026: JSX element implicitly has type 'any' because no interface 'JSX.IntrinsicElements' exists.
components/three/data-moments.tsx(406,11): error TS7026: JSX element implicitly has type 'any' because no interface 'JSX.IntrinsicElements' exists.
components/three/data-moments.tsx(407,9): error TS7026: JSX element implicitly has type 'any' because no interface 'JSX.IntrinsicElements' exists.
components/three/data-moments.tsx(424,11): error TS7026: JSX element implicitly has type 'any' because no interface 'JSX.IntrinsicElements' exists.
components/three/data-moments.tsx(434,11): error TS7026: JSX element implicitly has type 'any' because no interface 'JSX.IntrinsicElements' exists.
components/three/data-moments.tsx(436,9): error TS7026: JSX element implicitly has type 'any' because no interface 'JSX.IntrinsicElements' exists.
components/three/data-moments.tsx(437,11): error TS7026: JSX element implicitly has type 'any' because no interface 'JSX.IntrinsicElements' exists.
components/three/data-moments.tsx(438,11): error TS7026: JSX element implicitly has type 'any' because no interface 'JSX.IntrinsicElements' exists.
components/three/data-moments.tsx(439,9): error TS7026: JSX element implicitly has type 'any' because no interface 'JSX.IntrinsicElements' exists.
components/three/data-moments.tsx(442,9): error TS7026: JSX element implicitly has type 'any' because no interface 'JSX.IntrinsicElements' exists.
components/three/data-moments.tsx(445,11): error TS7026: JSX element implicitly has type 'any' because no interface 'JSX.IntrinsicElements' exists.
components/three/data-moments.tsx(446,13): error TS7026: JSX element implicitly has type 'any' because no interface 'JSX.IntrinsicElements' exists.
components/three/data-moments.tsx(447,13): error TS7026: JSX element implicitly has type 'any' because no interface 'JSX.IntrinsicElements' exists.
components/three/data-moments.tsx(448,11): error TS7026: JSX element implicitly has type 'any' because no interface 'JSX.IntrinsicElements' exists.
components/three/data-moments.tsx(457,9): error TS7026: JSX element implicitly has type 'any' because no interface 'JSX.IntrinsicElements' exists.
components/three/data-moments.tsx(459,11): error TS7026: JSX element implicitly has type 'any' because no interface 'JSX.IntrinsicElements' exists.
components/three/data-moments.tsx(465,13): error TS7026: JSX element implicitly has type 'any' because no interface 'JSX.IntrinsicElements' exists.
components/three/data-moments.tsx(466,13): error TS7026: JSX element implicitly has type 'any' because no interface 'JSX.IntrinsicElements' exists.
components/three/data-moments.tsx(467,11): error TS7026: JSX element implicitly has type 'any' because no interface 'JSX.IntrinsicElements' exists.
components/three/data-moments.tsx(470,5): error TS7026: JSX element implicitly has type 'any' because no interface 'JSX.IntrinsicElements' exists.
components/three/geometry.ts(11,8): error TS2307: Cannot find module 'three' or its corresponding type declarations.
components/three/high-bloom.tsx(2,35): error TS2307: Cannot find module 'react' or its corresponding type declarations.
components/three/high-bloom.tsx(3,36): error TS2307: Cannot find module '@react-three/fiber' or its corresponding type declarations.
components/three/high-bloom.tsx(4,25): error TS2307: Cannot find module 'three' or its corresponding type declarations.
components/three/high-bloom.tsx(5,32): error TS2307: Cannot find module 'three/addons/postprocessing/EffectComposer.js' or its corresponding type declarations.
components/three/high-bloom.tsx(6,28): error TS2307: Cannot find module 'three/addons/postprocessing/RenderPass.js' or its corresponding type declarations.
components/three/high-bloom.tsx(7,33): error TS2307: Cannot find module 'three/addons/postprocessing/UnrealBloomPass.js' or its corresponding type declarations.
components/three/high-bloom.tsx(8,28): error TS2307: Cannot find module 'three/addons/postprocessing/OutputPass.js' or its corresponding type declarations.
components/three/instanced-support.tsx(2,50): error TS2307: Cannot find module 'react' or its corresponding type declarations.
components/three/instanced-support.tsx(3,50): error TS2307: Cannot find module 'three' or its corresponding type declarations.
components/three/instanced-support.tsx(41,5): error TS7026: JSX element implicitly has type 'any' because no interface 'JSX.IntrinsicElements' exists.
components/three/instanced-support.tsx(41,5): error TS2875: This JSX tag requires the module path 'react/jsx-runtime' to exist, but none could be found. Make sure you have types for the appropriate package installed.
components/three/instanced-support.tsx(42,7): error TS7026: JSX element implicitly has type 'any' because no interface 'JSX.IntrinsicElements' exists.
components/three/instanced-support.tsx(43,7): error TS7026: JSX element implicitly has type 'any' because no interface 'JSX.IntrinsicElements' exists.
components/three/instanced-support.tsx(44,5): error TS7026: JSX element implicitly has type 'any' because no interface 'JSX.IntrinsicElements' exists.
components/three/instanced-support.tsx(72,5): error TS7026: JSX element implicitly has type 'any' because no interface 'JSX.IntrinsicElements' exists.
components/three/instanced-support.tsx(73,7): error TS7026: JSX element implicitly has type 'any' because no interface 'JSX.IntrinsicElements' exists.
components/three/instanced-support.tsx(74,7): error TS7026: JSX element implicitly has type 'any' because no interface 'JSX.IntrinsicElements' exists.
components/three/instanced-support.tsx(75,5): error TS7026: JSX element implicitly has type 'any' because no interface 'JSX.IntrinsicElements' exists.
components/three/instanced-support.tsx(82,5): error TS7026: JSX element implicitly has type 'any' because no interface 'JSX.IntrinsicElements' exists.
components/three/instanced-support.tsx(96,5): error TS7026: JSX element implicitly has type 'any' because no interface 'JSX.IntrinsicElements' exists.
components/three/mine-canvas.tsx(11,8): error TS2307: Cannot find module 'react' or its corresponding type declarations.
components/three/mine-canvas.tsx(12,44): error TS2307: Cannot find module '@react-three/fiber' or its corresponding type declarations.
components/three/mine-canvas.tsx(13,36): error TS2307: Cannot find module '@react-three/drei' or its corresponding type declarations.
components/three/mine-canvas.tsx(22,8): error TS2307: Cannot find module 'three' or its corresponding type declarations.
components/three/mine-canvas.tsx(99,15): error TS7031: Binding element 'camera' implicitly has an 'any' type.
components/three/mine-canvas.tsx(99,23): error TS7031: Binding element 'scene' implicitly has an 'any' type.
components/three/mine-canvas.tsx(122,7): error TS7026: JSX element implicitly has type 'any' because no interface 'JSX.IntrinsicElements' exists.
components/three/mine-canvas.tsx(123,7): error TS7026: JSX element implicitly has type 'any' because no interface 'JSX.IntrinsicElements' exists.
components/three/mine-canvas.tsx(124,7): error TS7026: JSX element implicitly has type 'any' because no interface 'JSX.IntrinsicElements' exists.
components/three/mine-canvas.tsx(125,7): error TS7026: JSX element implicitly has type 'any' because no interface 'JSX.IntrinsicElements' exists.
components/three/mine-canvas.tsx(126,7): error TS7026: JSX element implicitly has type 'any' because no interface 'JSX.IntrinsicElements' exists.
components/three/mine-canvas.tsx(127,9): error TS7026: JSX element implicitly has type 'any' because no interface 'JSX.IntrinsicElements' exists.
components/three/mine-canvas.tsx(128,9): error TS7026: JSX element implicitly has type 'any' because no interface 'JSX.IntrinsicElements' exists.
components/three/mine-canvas.tsx(139,9): error TS7026: JSX element implicitly has type 'any' because no interface 'JSX.IntrinsicElements' exists.
components/three/mine-canvas.tsx(147,9): error TS7026: JSX element implicitly has type 'any' because no interface 'JSX.IntrinsicElements' exists.
components/three/mine-canvas.tsx(148,11): error TS7026: JSX element implicitly has type 'any' because no interface 'JSX.IntrinsicElements' exists.
components/three/mine-canvas.tsx(149,11): error TS7026: JSX element implicitly has type 'any' because no interface 'JSX.IntrinsicElements' exists.
components/three/mine-canvas.tsx(156,9): error TS7026: JSX element implicitly has type 'any' because no interface 'JSX.IntrinsicElements' exists.
components/three/mine-canvas.tsx(157,7): error TS7026: JSX element implicitly has type 'any' because no interface 'JSX.IntrinsicElements' exists.
components/three/mine-canvas.tsx(158,7): error TS7026: JSX element implicitly has type 'any' because no interface 'JSX.IntrinsicElements' exists.
components/three/mine-canvas.tsx(216,5): error TS7026: JSX element implicitly has type 'any' because no interface 'JSX.IntrinsicElements' exists.
components/three/mine-canvas.tsx(216,5): error TS2875: This JSX tag requires the module path 'react/jsx-runtime' to exist, but none could be found. Make sure you have types for the appropriate package installed.
components/three/mine-canvas.tsx(236,23): error TS7031: Binding element 'gl' implicitly has an 'any' type.
components/three/mine-canvas.tsx(243,17): error TS2322: Type '{ key: string; done: any; }' is not assignable to type '{ done: () => void; }'.
  Property 'key' does not exist on type '{ done: () => void; }'.
components/three/mine-canvas.tsx(271,5): error TS7026: JSX element implicitly has type 'any' because no interface 'JSX.IntrinsicElements' exists.
components/three/tunnel-geometry.tsx(2,36): error TS2307: Cannot find module 'react' or its corresponding type declarations.
components/three/tunnel-geometry.tsx(3,26): error TS2307: Cannot find module '@react-three/fiber' or its corresponding type declarations.
components/three/tunnel-geometry.tsx(4,42): error TS2307: Cannot find module 'three' or its corresponding type declarations.
components/three/tunnel-geometry.tsx(42,5): error TS7026: JSX element implicitly has type 'any' because no interface 'JSX.IntrinsicElements' exists.
components/three/tunnel-geometry.tsx(42,5): error TS2875: This JSX tag requires the module path 'react/jsx-runtime' to exist, but none could be found. Make sure you have types for the appropriate package installed.
components/three/tunnel-geometry.tsx(43,7): error TS7026: JSX element implicitly has type 'any' because no interface 'JSX.IntrinsicElements' exists.
components/three/tunnel-geometry.tsx(44,9): error TS7026: JSX element implicitly has type 'any' because no interface 'JSX.IntrinsicElements' exists.
components/three/tunnel-geometry.tsx(54,7): error TS7026: JSX element implicitly has type 'any' because no interface 'JSX.IntrinsicElements' exists.
components/three/tunnel-geometry.tsx(55,7): error TS7026: JSX element implicitly has type 'any' because no interface 'JSX.IntrinsicElements' exists.
components/three/tunnel-geometry.tsx(56,9): error TS7026: JSX element implicitly has type 'any' because no interface 'JSX.IntrinsicElements' exists.
components/three/tunnel-geometry.tsx(57,9): error TS7026: JSX element implicitly has type 'any' because no interface 'JSX.IntrinsicElements' exists.
components/three/tunnel-geometry.tsx(65,7): error TS7026: JSX element implicitly has type 'any' because no interface 'JSX.IntrinsicElements' exists.
components/three/tunnel-geometry.tsx(68,9): error TS7026: JSX element implicitly has type 'any' because no interface 'JSX.IntrinsicElements' exists.
components/three/tunnel-geometry.tsx(74,11): error TS7026: JSX element implicitly has type 'any' because no interface 'JSX.IntrinsicElements' exists.
components/three/tunnel-geometry.tsx(75,11): error TS7026: JSX element implicitly has type 'any' because no interface 'JSX.IntrinsicElements' exists.
components/three/tunnel-geometry.tsx(76,9): error TS7026: JSX element implicitly has type 'any' because no interface 'JSX.IntrinsicElements' exists.
components/three/tunnel-geometry.tsx(80,22): error TS7006: Parameter 'z' implicitly has an 'any' type.
components/three/tunnel-geometry.tsx(81,9): error TS7026: JSX element implicitly has type 'any' because no interface 'JSX.IntrinsicElements' exists.
components/three/tunnel-geometry.tsx(82,11): error TS7026: JSX element implicitly has type 'any' because no interface 'JSX.IntrinsicElements' exists.
components/three/tunnel-geometry.tsx(83,13): error TS7026: JSX element implicitly has type 'any' because no interface 'JSX.IntrinsicElements' exists.
components/three/tunnel-geometry.tsx(84,13): error TS7026: JSX element implicitly has type 'any' because no interface 'JSX.IntrinsicElements' exists.
components/three/tunnel-geometry.tsx(85,11): error TS7026: JSX element implicitly has type 'any' because no interface 'JSX.IntrinsicElements' exists.
components/three/tunnel-geometry.tsx(86,11): error TS7026: JSX element implicitly has type 'any' because no interface 'JSX.IntrinsicElements' exists.
components/three/tunnel-geometry.tsx(87,13): error TS7026: JSX element implicitly has type 'any' because no interface 'JSX.IntrinsicElements' exists.
components/three/tunnel-geometry.tsx(88,13): error TS7026: JSX element implicitly has type 'any' because no interface 'JSX.IntrinsicElements' exists.
components/three/tunnel-geometry.tsx(94,11): error TS7026: JSX element implicitly has type 'any' because no interface 'JSX.IntrinsicElements' exists.
components/three/tunnel-geometry.tsx(95,9): error TS7026: JSX element implicitly has type 'any' because no interface 'JSX.IntrinsicElements' exists.
components/three/tunnel-geometry.tsx(97,7): error TS7026: JSX element implicitly has type 'any' because no interface 'JSX.IntrinsicElements' exists.
components/three/tunnel-geometry.tsx(98,9): error TS7026: JSX element implicitly has type 'any' because no interface 'JSX.IntrinsicElements' exists.
components/three/tunnel-geometry.tsx(99,11): error TS7026: JSX element implicitly has type 'any' because no interface 'JSX.IntrinsicElements' exists.
components/three/tunnel-geometry.tsx(100,11): error TS7026: JSX element implicitly has type 'any' because no interface 'JSX.IntrinsicElements' exists.
components/three/tunnel-geometry.tsx(101,9): error TS7026: JSX element implicitly has type 'any' because no interface 'JSX.IntrinsicElements' exists.
components/three/tunnel-geometry.tsx(102,9): error TS7026: JSX element implicitly has type 'any' because no interface 'JSX.IntrinsicElements' exists.
components/three/tunnel-geometry.tsx(103,11): error TS7026: JSX element implicitly has type 'any' because no interface 'JSX.IntrinsicElements' exists.
components/three/tunnel-geometry.tsx(104,11): error TS7026: JSX element implicitly has type 'any' because no interface 'JSX.IntrinsicElements' exists.
components/three/tunnel-geometry.tsx(105,9): error TS7026: JSX element implicitly has type 'any' because no interface 'JSX.IntrinsicElements' exists.
components/three/tunnel-geometry.tsx(106,9): error TS7026: JSX element implicitly has type 'any' because no interface 'JSX.IntrinsicElements' exists.
components/three/tunnel-geometry.tsx(107,11): error TS7026: JSX element implicitly has type 'any' because no interface 'JSX.IntrinsicElements' exists.
components/three/tunnel-geometry.tsx(108,11): error TS7026: JSX element implicitly has type 'any' because no interface 'JSX.IntrinsicElements' exists.
components/three/tunnel-geometry.tsx(109,9): error TS7026: JSX element implicitly has type 'any' because no interface 'JSX.IntrinsicElements' exists.
components/three/tunnel-geometry.tsx(110,9): error TS7026: JSX element implicitly has type 'any' because no interface 'JSX.IntrinsicElements' exists.
components/three/tunnel-geometry.tsx(111,11): error TS7026: JSX element implicitly has type 'any' because no interface 'JSX.IntrinsicElements' exists.
components/three/tunnel-geometry.tsx(112,11): error TS7026: JSX element implicitly has type 'any' because no interface 'JSX.IntrinsicElements' exists.
components/three/tunnel-geometry.tsx(113,9): error TS7026: JSX element implicitly has type 'any' because no interface 'JSX.IntrinsicElements' exists.
components/three/tunnel-geometry.tsx(114,7): error TS7026: JSX element implicitly has type 'any' because no interface 'JSX.IntrinsicElements' exists.
components/three/tunnel-geometry.tsx(115,5): error TS7026: JSX element implicitly has type 'any' because no interface 'JSX.IntrinsicElements' exists.
components/ui/button.tsx(1,24): error TS2307: Cannot find module 'react' or its corresponding type declarations.
components/ui/button.tsx(2,22): error TS2307: Cannot find module '@radix-ui/react-slot' or its corresponding type declarations.
components/ui/button.tsx(3,40): error TS2307: Cannot find module 'class-variance-authority' or its corresponding type declarations.
components/ui/button.tsx(23,6): error TS7031: Binding element 'className' implicitly has an 'any' type.
components/ui/button.tsx(23,17): error TS7031: Binding element 'variant' implicitly has an 'any' type.
components/ui/button.tsx(23,55): error TS7006: Parameter 'ref' implicitly has an 'any' type.
components/ui/button.tsx(25,12): error TS2875: This JSX tag requires the module path 'react/jsx-runtime' to exist, but none could be found. Make sure you have types for the appropriate package installed.
components/ui/card.tsx(1,24): error TS2307: Cannot find module 'react' or its corresponding type declarations.
components/ui/card.tsx(5,5): error TS2875: This JSX tag requires the module path 'react/jsx-runtime' to exist, but none could be found. Make sure you have types for the appropriate package installed.
components/ui/card.tsx(5,5): error TS7026: JSX element implicitly has type 'any' because no interface 'JSX.IntrinsicElements' exists.
components/ui/card.tsx(12,10): error TS7026: JSX element implicitly has type 'any' because no interface 'JSX.IntrinsicElements' exists.
components/ui/input.tsx(1,24): error TS2307: Cannot find module 'react' or its corresponding type declarations.
components/ui/input.tsx(6,6): error TS7031: Binding element 'className' implicitly has an 'any' type.
components/ui/input.tsx(6,29): error TS7006: Parameter 'ref' implicitly has an 'any' type.
components/ui/input.tsx(7,3): error TS2875: This JSX tag requires the module path 'react/jsx-runtime' to exist, but none could be found. Make sure you have types for the appropriate package installed.
components/ui/input.tsx(7,3): error TS7026: JSX element implicitly has type 'any' because no interface 'JSX.IntrinsicElements' exists.
components/ui/label.tsx(2,24): error TS2307: Cannot find module 'react' or its corresponding type declarations.
components/ui/label.tsx(3,33): error TS2307: Cannot find module '@radix-ui/react-label' or its corresponding type declarations.
components/ui/label.tsx(8,6): error TS7031: Binding element 'className' implicitly has an 'any' type.
components/ui/label.tsx(8,29): error TS7006: Parameter 'ref' implicitly has an 'any' type.
components/ui/label.tsx(9,3): error TS2875: This JSX tag requires the module path 'react/jsx-runtime' to exist, but none could be found. Make sure you have types for the appropriate package installed.
components/ui/tabs.tsx(2,39): error TS2307: Cannot find module 'react' or its corresponding type declarations.
components/ui/tabs.tsx(16,5): error TS7026: JSX element implicitly has type 'any' because no interface 'JSX.IntrinsicElements' exists.
components/ui/tabs.tsx(16,5): error TS2875: This JSX tag requires the module path 'react/jsx-runtime' to exist, but none could be found. Make sure you have types for the appropriate package installed.
components/ui/tabs.tsx(17,7): error TS7026: JSX element implicitly has type 'any' because no interface 'JSX.IntrinsicElements' exists.
components/ui/tabs.tsx(23,11): error TS7026: JSX element implicitly has type 'any' because no interface 'JSX.IntrinsicElements' exists.
components/ui/tabs.tsx(33,25): error TS7006: Parameter 'e' implicitly has an 'any' type.
components/ui/tabs.tsx(53,11): error TS7026: JSX element implicitly has type 'any' because no interface 'JSX.IntrinsicElements' exists.
components/ui/tabs.tsx(55,7): error TS7026: JSX element implicitly has type 'any' because no interface 'JSX.IntrinsicElements' exists.
components/ui/tabs.tsx(56,7): error TS7026: JSX element implicitly has type 'any' because no interface 'JSX.IntrinsicElements' exists.
components/ui/tabs.tsx(64,7): error TS7026: JSX element implicitly has type 'any' because no interface 'JSX.IntrinsicElements' exists.
components/ui/tabs.tsx(65,5): error TS7026: JSX element implicitly has type 'any' because no interface 'JSX.IntrinsicElements' exists.
lib/analytics/echarts-options.ts(1,50): error TS2307: Cannot find module 'echarts' or its corresponding type declarations.
lib/data/StaticJsonDataSource.ts(138,29): error TS7006: Parameter 'r' implicitly has an 'any' type.
lib/data/StaticJsonDataSource.ts(141,47): error TS7006: Parameter 'x' implicitly has an 'any' type.
lib/data/StaticJsonDataSource.ts(146,44): error TS7006: Parameter 'e' implicitly has an 'any' type.
lib/data/StaticJsonDataSource.ts(293,39): error TS7006: Parameter 'e' implicitly has an 'any' type.
lib/data/StaticJsonDataSource.ts(393,24): error TS7006: Parameter 'a' implicitly has an 'any' type.
lib/data/StaticJsonDataSource.ts(393,27): error TS7006: Parameter 'b' implicitly has an 'any' type.
lib/data/documental.server.ts(2,26): error TS2307: Cannot find module 'node:fs/promises' or its corresponding type declarations.
lib/data/documental.server.ts(3,18): error TS2307: Cannot find module 'node:path' or its corresponding type declarations.
lib/data/documental.server.ts(4,23): error TS2307: Cannot find module 'react' or its corresponding type declarations.
lib/data/documental.server.ts(7,42): error TS2580: Cannot find name 'process'. Do you need to install type definitions for node? Try `npm i --save-dev @types/node`.
lib/data/index.ts(5,18): error TS2580: Cannot find name 'process'. Do you need to install type definitions for node? Try `npm i --save-dev @types/node`.
lib/data/indexedDB.ts(1,58): error TS2307: Cannot find module 'idb' or its corresponding type declarations.
lib/data/indexedDB.ts(24,15): error TS7006: Parameter 'db' implicitly has an 'any' type.
lib/data/indexedDB.ts(24,19): error TS7006: Parameter 'oldVersion' implicitly has an 'any' type.
lib/data/presentacion.server.ts(2,26): error TS2307: Cannot find module 'node:fs/promises' or its corresponding type declarations.
lib/data/presentacion.server.ts(3,18): error TS2307: Cannot find module 'node:path' or its corresponding type declarations.
lib/data/presentacion.server.ts(10,42): error TS2580: Cannot find name 'process'. Do you need to install type definitions for node? Try `npm i --save-dev @types/node`.
lib/hooks/use-base.ts(3,25): error TS2307: Cannot find module 'react' or its corresponding type declarations.
lib/hooks/use-base.ts(4,26): error TS2307: Cannot find module '@tanstack/react-query' or its corresponding type declarations.
lib/hooks/use-base.ts(15,23): error TS7006: Parameter 'anterior' implicitly has an 'any' type.
lib/hooks/use-base.ts(26,39): error TS7006: Parameter 'e' implicitly has an 'any' type.
lib/hooks/use-base.ts(27,38): error TS7006: Parameter 'e' implicitly has an 'any' type.
lib/hooks/use-base.ts(31,36): error TS7006: Parameter 'a' implicitly has an 'any' type.
lib/hooks/use-base.ts(32,38): error TS7006: Parameter 'l' implicitly has an 'any' type.
lib/hooks/use-base.ts(32,62): error TS7006: Parameter 'id' implicitly has an 'any' type.
lib/hooks/use-mounted.ts(2,38): error TS2307: Cannot find module 'react' or its corresponding type declarations.
lib/pwa/cola.ts(19,16): error TS7006: Parameter 'b' implicitly has an 'any' type.
lib/pwa/cola.ts(20,14): error TS7006: Parameter 'a' implicitly has an 'any' type.
lib/pwa/cola.ts(20,17): error TS7006: Parameter 'b' implicitly has an 'any' type.
lib/pwa/cola.ts(49,16): error TS7006: Parameter 'e' implicitly has an 'any' type.
lib/pwa/cola.ts(50,14): error TS7006: Parameter 'a' implicitly has an 'any' type.
lib/pwa/cola.ts(50,17): error TS7006: Parameter 'b' implicitly has an 'any' type.
lib/utils.ts(1,39): error TS2307: Cannot find module 'clsx' or its corresponding type declarations.
lib/utils.ts(2,25): error TS2307: Cannot find module 'tailwind-merge' or its corresponding type declarations.
next.config.ts(1,33): error TS2307: Cannot find module 'next' or its corresponding type declarations.
next.config.ts(2,20): error TS2580: Cannot find name 'process'. Do you need to install type definitions for node? Try `npm i --save-dev @types/node`.
store/filtros.ts(1,29): error TS2307: Cannot find module 'zustand/vanilla' or its corresponding type declarations.
store/filtros.ts(13,40): error TS7006: Parameter 'set' implicitly has an 'any' type.
store/filtros.ts(17,18): error TS7006: Parameter 'parche' implicitly has an 'any' type.
store/filtros.ts(18,12): error TS7006: Parameter 's' implicitly has an 'any' type.
store/filtros.ts(19,16): error TS7006: Parameter 'filtros' implicitly has an 'any' type.
store/sesion.ts(1,29): error TS2307: Cannot find module 'zustand/vanilla' or its corresponding type declarations.
store/sesion.ts(2,44): error TS2307: Cannot find module 'zustand/middleware' or its corresponding type declarations.
store/sesion.ts(15,8): error TS7006: Parameter 'set' implicitly has an 'any' type.
store/sesion.ts(18,19): error TS7006: Parameter 'actor' implicitly has an 'any' type.
store/sesion.ts(25,22): error TS7006: Parameter 'state' implicitly has an 'any' type.
store/sesion.ts(26,17): error TS7006: Parameter 'persisted' implicitly has an 'any' type.
store/sesion.ts(26,28): error TS7006: Parameter 'current' implicitly has an 'any' type.
tailwind.config.ts(1,29): error TS2307: Cannot find module 'tailwindcss' or its corresponding type declarations.
tailwind.config.ts(2,21): error TS2307: Cannot find module 'tailwindcss-animate' or its corresponding type declarations.
tests/agregaciones.test.ts(1,38): error TS2307: Cannot find module 'vitest' or its corresponding type declarations.
tests/analitica-paso4.test.ts(1,38): error TS2307: Cannot find module 'vitest' or its corresponding type declarations.
tests/analitica-paso4.test.ts(82,6): error TS7006: Parameter 'campo' implicitly has an 'any' type.
tests/analitica-paso4.test.ts(116,89): error TS7006: Parameter 'por' implicitly has an 'any' type.
tests/asignacion-paso4.test.ts(1,65): error TS2307: Cannot find module 'vitest' or its corresponding type declarations.
tests/asignacion-paso4.test.ts(35,56): error TS7006: Parameter 'h' implicitly has an 'any' type.
tests/asignacion-paso4.test.ts(101,28): error TS7031: Binding element 'c' implicitly has an 'any' type.
tests/cinematica.test.ts(1,38): error TS2307: Cannot find module 'vitest' or its corresponding type declarations.
tests/dataSource.test.ts(1,65): error TS2307: Cannot find module 'vitest' or its corresponding type declarations.
tests/datos.test.ts(1,38): error TS2307: Cannot find module 'vitest' or its corresponding type declarations.
tests/estadoVerificado.test.ts(1,38): error TS2307: Cannot find module 'vitest' or its corresponding type declarations.
tests/estadoVerificado.test.ts(24,6): error TS7006: Parameter 'a' implicitly has an 'any' type.
tests/exportacion-paso4.test.ts(1,38): error TS2307: Cannot find module 'vitest' or its corresponding type declarations.
tests/exportacion-paso4.test.ts(6,89): error TS7006: Parameter 's' implicitly has an 'any' type.
tests/fechas-url.test.ts(1,38): error TS2307: Cannot find module 'vitest' or its corresponding type declarations.
tests/filtros.test.ts(1,38): error TS2307: Cannot find module 'vitest' or its corresponding type declarations.
tests/fixtures.ts(1,30): error TS2307: Cannot find module 'node:fs' or its corresponding type declarations.
tests/graficos-final.test.ts(1,38): error TS2307: Cannot find module 'vitest' or its corresponding type declarations.
tests/indicadores.test.ts(1,38): error TS2307: Cannot find module 'vitest' or its corresponding type declarations.
tests/indicadores.test.ts(22,6): error TS7006: Parameter 'fn' implicitly has an 'any' type.
tests/momentos3d-paso4.test.ts(1,38): error TS2307: Cannot find module 'vitest' or its corresponding type declarations.
tests/momentos3d-paso4.test.ts(65,26): error TS7006: Parameter 'active' implicitly has an 'any' type.
tests/momentos3d-paso4.test.ts(65,34): error TS7006: Parameter 'warm' implicitly has an 'any' type.
tests/momentos3d-paso4.test.ts(65,40): error TS7006: Parameter 'moving' implicitly has an 'any' type.
tests/momentos3d-paso4.test.ts(65,48): error TS7006: Parameter 'expected' implicitly has an 'any' type.
tests/presentacion.test.ts(1,38): error TS2307: Cannot find module 'vitest' or its corresponding type declarations.
tests/presentacion.test.ts(94,76): error TS7006: Parameter 'value' implicitly has an 'any' type.
tests/pwa-final.test.ts(1,53): error TS2307: Cannot find module 'vitest' or its corresponding type declarations.
tests/pwa-final.test.ts(52,88): error TS7006: Parameter 'text' implicitly has an 'any' type.
tests/pwa-final.test.ts(62,22): error TS7006: Parameter 'text' implicitly has an 'any' type.
tests/pwa-final.test.ts(71,39): error TS7006: Parameter 'text' implicitly has an 'any' type.
tests/reportes.test.ts(1,38): error TS2307: Cannot find module 'vitest' or its corresponding type declarations.
tests/reproduccion-paso4.test.ts(1,53): error TS2307: Cannot find module 'vitest' or its corresponding type declarations.
tests/reproduccion-paso4.test.ts(28,35): error TS7031: Binding element 'e' implicitly has an 'any' type.
tests/serializar.test.ts(1,38): error TS2307: Cannot find module 'vitest' or its corresponding type declarations.
tests/store.test.ts(1,38): error TS2307: Cannot find module 'vitest' or its corresponding type declarations.
vitest.config.ts(1,30): error TS2307: Cannot find module 'vitest/config' or its corresponding type declarations.
vitest.config.ts(2,31): error TS2307: Cannot find module 'node:url' or its corresponding type declarations.
